review_id,source,review_text,rating,review_date,app_version
play_9dc6dcd2-20d8-4ed4-a2de-f8bc7d3f1358,Play Store,"My experience with my last few orders has been extremely disappointing. Almost every order I placed was eventually cancelled. Some products were initially supposed to be delivered the next day, but they were delayed for 8–9 days and then cancelled altogether. After making me wait for so long, the products were still not delivered. This has been happening quite frequently recently, and it is extremely frustrating and disappointing.",1.0,2026-08-12 00:41:24.000000,4.0.4
play_3415230b-0980-48f1-bafc-f16ea0c8c7fa,Play Store,"Worst e-commerce platform ever, I've requested return for a product, which was labeled easy return, but whenever I request for return, it cancels. I tried to reach out customer care too, but couldn't connect to anybody. A huge gap in Communication with customers. I and my friends are definitely not gonna use it further. I'll suggest everybody reading this, not to use this application at all, instead you can use other platforms which have better communication with their customers.",1.0,2026-08-12 15:00:06.000000,4.0.4
play_1020460f-aa66-4b79-99e9-caf89a5731c0,Play Store,"The worst experience with this app. When I placed my order, it showed 90-minute delivery, but the order kept getting delayed repeatedly for an entire week. Finally, they cancelled the order themselves. It has now been a week, and my money is still stuck with them—no products and no refund. This is extremely disappointing and frustrating. The least they can do is process the refund promptly instead of holding customers’ money for days.",1.0,2026-08-13 14:35:13.000000,4.0.4
play_6df25965-ec85-44a1-b2a8-91e3b4184b79,Play Store,"Extremely disappointing and unacceptable. My order was delivered in 2 shipments, and one shipment was supposed to contain 21 items but had only 3 products inside, including 1 free gift. 19 paid products were missing! A huge waste of money, time and effort. Customer service has been extremely unhelpful and has not provided a proper resolution. Nykaa seriously needs to improve its packing and customer support. This is completely a fraud. Want immediate action on this.",1.0,2026-08-14 22:01:10.000000,4.0.4
play_dec75539-1feb-4ee4-8b5b-88275a6b1303,Play Store,"This is the worst app ever, the most rubbish. I've never used such a bad app. I placed an order, the order left for delivery but never arrived. It's been many days since this has been happening. The delivery time has also passed, yet there's no delivery. And when you complain to the help center, they say they will do something but they don't. I also called the delivery partner, he said he would deliver it by evening, but he didn't. They say they couldn't find the address, but the delivery partne",1.0,2026-08-27 19:48:45.000000,4.0.4
play_31bc4ace-84cc-43d9-b74e-554d7883a1d1,Play Store,"I placed my order on 25th July,and it was supposed to be delivered by 29th July. However, the delivery kept getting postponed with no proper updates. From the day I placed the order, the tracking showed my package stuck at the same location for 12 days. Who waits over 12 days for beauty products? It is extremely frustrating. The worst part was that I couldn't even cancel the order, and I wasn't receiving my product either.This is a very disappointing experience and reflect poor customer service.",1.0,2026-08-07 16:40:06.000000,4.0.4
play_83857ba1-7bb4-4e7e-8f3a-e62411e4f9bc,Play Store,"Hi Nykaa team, I would like to review about your management of the app it's really good, the offers on the app surely amazes me but the problem which stood out there for quite a bit is that - I ordered a product from your site and due to some issues I want to return it, even though I raised a request for it within the 15 days of the delivery but it's been a while and still I haven't received any official message from your team regarding that so please into it. I hope you will take action asap.",3.0,2026-08-28 16:58:03.000000,4.0.4
play_ff85fe19-3f5d-40ab-b4ae-cb06f0503435,Play Store,"have had a terrible experience with Nykaa. I ordered a few items, but one of the products was missing from my delivery. Despite this, they have not issued a refund. Whenever I call customer care, they give me conflicting responses. Sometimes they claim the refund will arrive in two days, and other times they refuse to help, stating that the complaint can only be registered if I call from the exact phone number used to place the order. This feels like a scam, and they have essentially taken my m",1.0,2026-08-22 20:03:06.000000,4.0.4
play_a0186952-8d7b-4d47-9fb5-d81f4ef63827,Play Store,"Their delivery service is the worst. I ordered a product about a week ago and not only did it not get delivered, the reason stated was that I was unavailable to collect it. They kept playing the game of reattempting delivery and a product that was scheduled to be delivered in 3 days is now being returned without informing me, the customer. This is not the first time this has happened because I have had to cancel some of my previous orders because of their carelessness in handling these things.",1.0,2026-08-10 17:09:58.000000,4.0.4
play_a90997b2-9997-4d22-b80f-b1d6ed031bf7,Play Store,"Committed FRAUD. They show products in stock when they're not and then don't deliver and don't even bother cancelling the order on their end. They kept the money until I called them to ask why there was a delay and only then they bothered mentioning that the product is not there. Customer service is dumb and thinks ""I don't know"" is an acceptable answer to these queries. It's the job of a CS to know and find out at least. Their website shouldn't be this shoddy for a multi-million dollar company.",1.0,2026-08-12 11:29:21.000000,4.0.4
play_e7d41b2a-2287-4fa3-a1c7-8bbf62c20dac,Play Store,"“I’ve had a really good experience using the Nykaa app. The app is easy to use, and there are so many beauty, skincare, haircare and makeup products to choose from. The product details and reviews are very helpful before making a purchase. My orders have been delivered safely and on time. I also love the offers and discounts available on the app. Overall, Nykaa is one of my favourite shopping apps and I would definitely recommend it than urges",5.0,2026-08-22 21:37:40.000000,4.0.4
play_b3580a7e-6f3e-4875-b859-4552bc9b662b,Play Store,"I placed an order on Nykaa, but even after 3–4 days past the expected delivery date, my product has still not been delivered. Whenever I contact the chat support, they do not provide any proper or useful update. Every day, the Nykaa app simply shows that the product will be delivered “today” or “tomorrow,” but there is no actual progress. The customer support service has been extremely disappointing. Even cancelling the order was unnecessarily difficult. Overall, I am very disappointed",1.0,2026-08-13 23:30:37.000000,4.0.4
play_bd8adee7-179f-431c-85b4-92a1b961d6d0,Play Store,"I had an extremely disappointing experience with this app. I ordered a lipstick, but when it arrived, I realized the shade was far too light for my skin tone. I didn't even open or use the product and immediately submitted a return request. To my surprise, my request was rejected without any reasonable explanation. What makes this even more frustrating is that the app prominently advertises ""easy returns"" during the purchase process. In reality, this claim is misleading.",1.0,2026-07-03 18:16:17.000000,4.0.1
play_6b88ca9c-7203-4c52-92d1-bf84919d2024,Play Store,"I had a very disappointing experience with Nykaa. This was my first time ordering beauty products from the app, and it has been extremely frustrating. My order has been delayed for 11 days, and there have been no updates on the order status in the app. I contacted the customer support team repeatedly for 3–4 days. They only kept raising complaints but did not provide any resolution or useful updates.I requested to cancel my order, but even the cancellation was not processed or updated. very bad.",1.0,2026-07-16 21:09:31.000000,4.0.3
play_52e699a3-0f9c-42e0-9756-65f5cddc5879,Play Store,"Nykaa is a really convenient and user-friendly app for beauty and skincare shopping. The product range is amazing, with options for every budget and skin type. Delivery is usually on time, and the packaging is neat and secure. I also like the frequent discounts and offers, which make shopping more affordable. Overall, a great app for beauty lovers—just hoping for even faster delivery and more budget-friendly deals in the future!",5.0,2026-07-18 18:45:08.000000,4.0.3
play_b4f37cc0-dc35-4de2-ae43-1af8db7e88a0,Play Store,"Great app.. The delivery timelines of nykaa have been very bad off-late. From the past several orders, I noted that the estimated delivery date is shown within 2-3 days of placing the order, but the order is not even dispatched until 4-5 days. the deliveries now take more than a week, I am not sure what has gone wrong but this is a repetitive pattern now. Earlier the deliveries were made within 2-3 days.",2.0,2026-07-01 10:30:26.000000,4.0.1
play_3518cbb5-36ef-4275-bd44-4ffe83eabe4a,Play Store,"I have never used a worse app than Nykaa. I keep receiving so many promotional messages from Nykaa, but when I actually need help tracking my order, the customer support is not helpful at all. It's been many days, and I still haven't received my order. The tracking hasn't updated since 11 July, and my package is still showing the same location. This delay is completely unacceptable. Please provide an immediate update on my order and ensure it is delivered asap possible. already i have mailed",1.0,2026-07-26 07:28:53.000000,4.0.3
play_d31ad1ca-6cee-493f-9c71-f29003489a84,Play Store,"Very disappointing experience. I received the wrong product and raised a complaint on the same day. The product seal was intact and unopened, yet my return request was denied. Nykaa advertises a free return policy, but that wasn't my experience. Customer support kept giving the same replies without resolving the issue. Based on my experience, I recommend buying from platforms with a more reliable return and exchange process.",1.0,2026-07-30 11:18:55.000000,4.0.3
play_648aefba-0bea-4a9c-a86d-7452090d8c37,Play Store,"I have never used a worse app than Nykaa. I keep receiving so many promotional messages from Nykaa, but when I actually need help tracking my order, the customer support is not helpful at all. It's been many days, and I still haven't received my order. The tracking hasn't updated since 11 July, and my package is still showing the same location. This delay is completely unacceptable. Please provide an immediate update on my order and ensure it is delivered as soon as possible. If there is any i",1.0,2026-07-17 14:47:00.000000,4.0.3
play_a22a5726-6dc3-4bf7-a85b-f63745b95356,Play Store,Worst experience ever. I purchased early access pass for sale. The cart amount was lower but when I placed order the discounts were gone. when talked to customer support they say the sale is not live. so what is the purpose of early access pass. When I cancel my order they do not restore my pass and says it is already applied. if I cancelled order then why pass is not restored. this is a kind of fraud with customers.,1.0,2026-07-16 13:33:42.000000,4.0.3
play_d29fb263-da3e-45e3-862a-0045ab6c4d39,Play Store,"Very disappointing experience with Nykaa. I purchased a product from Nykaa only to discover later that the exact same product was available on other platforms for around ₹120 less. As a customer, I expect fair and competitive pricing, but paying such a higher amount for the same item feels unreasonable. The discounts shown on the app are not always as beneficial as they appear, and better deals can easily be found elsewhere. This made me feel like I overpaid unnecessarily. Because of this pricin",1.0,2026-06-21 10:59:34.000000,3.9.8
play_e3cabaa8-fd5e-49bc-a862-b20816830bf8,Play Store,"​I gave Nykaa five stars before. But with the recent order, I am really disappointed. The order shows out for delivery but the agent doesn't even call and cancels my order and says that they will try to deliver it in the next 24 to 48 hours. This same thing has been happening for the last three days! The delivery agent doesn't call and if it calls they don't respond from the other side! The worst customer service. When I called and talked about the issue, they cut the call! Really disappointed",1.0,2026-07-03 11:31:13.000000,3.9.9
play_76547226-a35a-4f47-8485-c8d080315d0c,Play Store,"I used this app for the first time from which ordered 3 products, and none of them were delivered and later got cancelled. then I ordered the same products again and again they couldn't deliver and kept delaying again and again. though this app has variety of products but delivery services are the worst for this app. I have never experienced such inconvenience ever from such a hyped platform.",1.0,2026-06-09 13:06:16.000000,3.9.9
play_1358e00d-9add-4f25-9446-94ab0ba89aa5,Play Store,"Very bad app, very much disappointed, everyday the order is out of delivery, and everyday it is shown that I am unreachable, even the cancellation policy is not available, very bad experience, without informing me or without any call of the delivery agent the product is shown as returning to the warehouse.Bad delivery service to the customers .",1.0,2026-08-30 20:42:47.000000,4.0.5
play_7f0613a8-ceba-44e8-9a1b-a0f48a050d91,Play Store,"I had a very bad and disappointing experience with the last order. The order never reached me and they are taking forever to refund. While raising concern the app is not showing proper quantity. I needed the product but now I neither have a product nor refund. So slow customer service, pathetic experience.",1.0,2026-08-30 13:38:38.000000,4.0.5
play_d1aa1dea-e943-4775-adee-e780fc4f24eb,Play Store,"worst experience ever. Products are not delivered as yet, the delivery has been delayed by 5-6 days. When i go to see my orders to track them app glitches and reverts back to home page. I can't even track my orders now. Customer services is also worst.",1.0,2026-08-30 11:24:00.000000,4.0.5
play_ff18d385-77aa-421f-8c44-0ca40396cbbe,Play Store,very disappointed with the service ... I ordered sugar makeup on 22 nd august but they haven't shipped it yet even after a week ...the second product was hyphen combo gift set which they sent as individual products instead of whole gift case ... and now they don't want to return n refund the amount.,1.0,2026-08-30 21:40:15.000000,4.0.5
play_56591661-7a26-43f9-ba38-e01f156623e9,Play Store,"The delivery service for this app in my area is absolutely terrible. Every day, I get the number of a delivery partner; when I call, they don't pick up, nor do they call me for the delivery. The delivery has failed three times already. I tried contacting Nykaa support, but they simply said it would be delivered tomorrow—yet no one has contacted me so far. It is a completely rubbish app and service. and my order is prepaid...still not trying to attempt it.. Absolutely rubbish..eeh",1.0,2026-08-24 11:29:01.000000,4.0.4
play_46c0958b-352d-481e-b128-c4d609bdab44,Play Store,"The service provided is extremely poor. Whenever an order gets delayed, they are completely unable to resolve the issue. If I contact customer care, I always get the exact same repetitive response. My orders are never delivered on time, and at times, it is even impossible to reach customer care.",1.0,2026-08-23 15:05:23.000000,4.0.4
play_5ab7abd4-7000-4d48-97cb-44e0410ffdd5,Play Store,"Dear nyka team, there is a glitch in your app. even if I choose my current location, I just can't edit my pincode, it picks up a value from current location but doesn't allow to edit thereby new address is not saved at all. I thought updating to latest version will fix this. This is really annoying.",2.0,2026-08-08 21:22:31.000000,4.0.4
play_1d5084eb-b0c5-4721-ba30-789e9410bef2,Play Store,"Worst experience ever! I ordered on nykaa now and item gets canceled.Its been 6 days since it got canceled and I still have not received refund. I ordered again, same issue. I call customer care, they say sorry we are working on and they actually do nothing about it. they confirmed everytime don't worry it will be delivered, but no it just canceled at the end. I told them I have the wedding to attend this is important but still not resolved. I order again based on their promise still same probl",1.0,2026-08-16 13:31:32.000000,4.0.4
play_6c6925b8-d1cb-4587-bb14-98afed9f912c,Play Store,"for an app this huge, they are very irresponsible, slow, and not helpful in assistance. They work really slow. i recently placed an order that was supposed to be delivered in 4-5 days and it's been more than 10 days and i still haven't received it and on top of that the delivery agent's contact is not provided nor the delivery agent contacted me once and they keep rescheduling my order with the reason ""consignee not available"" but not even once did the agent contacted me at all.",1.0,2026-08-18 15:05:33.000000,4.0.4
play_6b6cb26c-fb71-45e5-89c8-d0ff6f38ab9a,Play Store,very disappointed with this app not giving parcel on time and having an excuse a because I use coupon code and they have cancel my order. This app is not good. They did not help the customers . They didn't find the solution about the order . They directly cancelled it without giving me the solution they have their own fault .I order from nykaa for 2nd time but I was worst then the 1st order,1.0,2026-08-18 21:08:02.000000,4.0.4
play_804513b9-3542-43af-a8a9-f40e44c3dca0,Play Store,The platform has been degraded to another level. I ordered a product and received detergent bar inside and nykaa is denying any missouts and has denied any replacement or refund. I have been ordering from the platform since 8 years and this has happened yet they are not ready to acknowledge or investigate further.,1.0,2026-08-16 13:57:01.000000,4.0.4
play_7e837cfc-3505-47af-9411-f87cf5f03fb8,Play Store,"One of the worst apps I have ever used. Earlier, I ordered via Cash on Delivery and that reached successfully. But when I paid online via UPI for the first time, Nykaa showed their true face. The order was never delivered to me, and my refund has not been credited back to my account yet. Very unprofessional. This is the worst app in India. People, don't trust this app!",1.0,2026-08-15 23:05:08.000000,4.0.4
play_74f89ba1-911d-4f1c-bcd7-f805b035a423,Play Store,"Worst experience I ever had with nykaa.😡 Experienced my life's biggest scam of ₹5000 approx.😡 I have recently ordered 16 products with 2 gifts on 15th of August....but I have physically received only 2 products with 2 gifts....and rest of the products are not delivered, however the status of all 18 products is showing as *delivered*.  I have even sent videos, photos to them. I have complained, mailed, called them, everything I could do, I have done but they have not refunded a single penny.",1.0,2026-08-24 21:16:54.000000,4.0.4
play_55249025-c11c-4363-bff8-372aaf566be4,Play Store,"Very Bad Experience with Nykaa Extremely disappointing experience with Nykaa. 4 products were missing from my order, and despite repeated complaints and follow-ups, the issue was not resolved. I was assured of a replacement, but Nykaa cancelled my request without my consent or any valid reason. I paid for the products but received only 2 items. Poor customer service, no accountability, and a complete waste of time. I strongly regret shopping with Nykaa and would not recommend it.",1.0,2026-08-18 13:27:03.000000,4.0.4
play_a4420bf4-9a34-4780-9f7c-1ce0f81a5c57,Play Store,"Very bad delivery service in Aligarh. Delivery boys ask for extra delivery charge, if I refuse to pay extra they misbehave and cut the call. Some refuse to come, some cancel the order by trick and show customer refused. Happened 3 times. When I say I need it today, they disconnect call. Please take action.",1.0,2026-08-27 12:35:02.000000,4.0.5
play_1dc5f165-f530-40df-914c-8daddbce5ace,Play Store,"15 days and still no delivery! Very disappointing! It’s been 15 days since I placed my order, and the delivery date keeps getting postponed. Customer care ignored my cancellation requests multiple times, and even after confirming cancellation, the order is still active after 3 days. Really frustrating experience with Nykaa. #nykaa",1.0,2026-08-19 11:57:50.000000,4.0.4
play_da9e6b6c-276d-4f90-8b8b-9db82a9f4230,Play Store,giving one star is more. there should be worst option. very very bad experience. one of the worst app I had ever used. they show different date while placing order and even after few days passed of the date they didn't deliver. no response from customer care also.,1.0,2026-08-19 11:43:09.000000,4.0.4
play_43869098-89e1-40c7-86e5-39d58c46f9a9,Play Store,"Worst delivery experience. My prepaid order was promised for 15th and 16th August, but Nykaa keeps extending the delivery date every day and it is now showing 20th August. I ordered these products for a function and the delay has made them almost useless for the purpose they were purchased. This is the second time I have faced the same issue. Very disappointed with the service and lack of accountability.",1.0,2026-08-18 22:10:56.000000,4.0.4
play_3d7750a8-29d0-4424-8865-8bde2cb9a4dd,Play Store,"Dabbaaa platform ,I ordered my first order from your platform and the product was damaged already which is common I agree,but later the process is duh🤦🏻‍♀️ , I requested for return they cancelled twice and finally agreed after calling customer care support twice , this didn't stop here they cancelled my request saying I've cancelled from my side that's ridiculous I had not gotten any calls from ur agents , now after everything they're delaying return pickup bruhh never gonna order again",1.0,2026-08-19 11:47:12.000000,4.0.4
play_16d721ae-6ee0-4705-9fd2-be1de811900e,Play Store,"Nykaa’s post-shipment interface is notoriously rigid, locking you out of basic edits, cancellations, or driver contacts the moment a package leaves the warehouse. While Nykaa rapidly expands its brand portfolio, its post-purchase delivery interface remains frustratingly anti-consumer. The moment an order moves to ""Shipped,"" buyers are completely locked out of their own deliveries,No self-service option to extend,pause,or change the delivery date based on availability.Nykaa can never be flipkart.",1.0,2026-08-22 01:36:16.000000,4.0.4
play_0a41003a-5be8-4192-b907-87f7fb6da2b9,Play Store,"nyka you owe me 447 rupees. bad customer service and return policy and refund system. I have emailed multiple times and yet no proper action has taken place. I payed in bulk for 6 items but only got 5 and the one that was supposed to come, the delivery guy told us we had to pay for it separately, it's not their fault they actually tried to help us then the other time my last purchase, dr sheth's moisturizer came damaged and return was so hard. and when asked for refund they aren't responding.",1.0,2026-08-24 23:43:26.000000,4.0.4
play_506e9997-ff39-4b35-add7-e8251b937d14,Play Store,"Variety of premium brands with good quality products, but equally downgraded customer support regarding product returns. Their delivery partners and they themselves are least bothered about the problems that the customer is facing before and after buying the product(for return and exchange). At times, the orders are canceled for no valid reason by illiterate, incompetent and unprofessional delivery agents. customers keep struggling with refunding/ returns/ exchanges/ reordering.",2.0,2026-08-29 21:01:43.000000,4.0.5
play_573a61b4-74c6-48ef-a1ee-481e25587cfd,Play Store,I ordered on 9th August but the delivery agent failed to deliver and later on when I cancelled the order..till now am not getting the refund. Everytime I call the customer support they promise about 24-48 hours TAT to initiate the refund. Worst experience. I am uninstalling this app after I somehow gets the refund. I have better options then speaking with customer support who don't know how to speak English.,1.0,2026-08-20 19:26:02.000000,4.0.4
play_720252c8-7078-472c-ab27-b2c18de4eba5,Play Store,"nowadays nykaa service has become pathetic...i ordered from there twice and i am yet to receive a full order. on my first order even after 10-15 days my order was not delivered,upon asking they said the products can't be delivered as it has damage. they didn't bother to inform me,and kept on updating that those products will deliver soon.after placing the 2nd order, one of the item was damaged and asked for replacement,they took the damaged product but never replaced and now not refunding..",1.0,2026-08-16 20:37:27.000000,4.0.4
play_8f293087-cbfa-4165-b39e-4e63bc413b4a,Play Store,"Didn't like the delivery half shipments it creates unnecessary Chaos, reattempts, availability issues again and again rescheduled of delivery or delivery partner ask to cancel the order or reschedule it by themselves and mention that customer was not available it's really irritating because of which customer doesn't receive their products on time when needed i first order on 11th of August today is 21st just got half of the products half products are still not diliver nykaa please work on this",3.0,2026-08-21 09:51:57.000000,4.0.4
play_d12f9fbf-4c49-4f4a-bd9c-09486b1b59cc,Play Store,"tbh I won't even give one star. I'm raising the issue as I didn't get my product. No response from Customer support and when I give ratings in the play store, they respond to you to raise issues to their gmail, trust me that also doesn't work. I haven't got my product yet. once your product is gone it's gone. instead I ordered Amazon which gave the product the next Day itself. irresponsible and worst thing I have ever seen.",1.0,2026-08-08 15:45:08.000000,4.0.4
play_21b440cc-860f-4de0-a5b7-f4ff47c2e65b,Play Store,"Order placed on 19 July, and even after 23+ days I neither received my parcel nor refund. Customer care promised emergency delivery within 48 hours, but failed to deliver. Later I was asked to wait another 5–7 days, so I cancelled. Emails get no proper response and calls aren't answered. Extremely frustrating experience. If you're placing a prepaid order on Nykaa, think twice before paying! I definitely won't be comfortable placing another prepaid order here.",1.0,2026-08-11 22:16:52.000000,4.0.4
play_bcd100d1-da94-4942-a9a3-883954caad4b,Play Store,"Horrible customer service. I ordered a concealer from Nykaa Minutes and it arrived broken. I requested a replacement, which was supposed to take 4 to 5 days. The product was picked up, but it has now been over 15 days with no replacement. Customer care kept me on hold for 20 minutes. When someone finally answered, I was told the product was returned and I would be refunded. It has now been 7 days with no refund. Absolutely ridiculous.",1.0,2026-08-22 12:06:01.000000,4.0.4
play_3b2c6755-308c-423e-a323-fbe347eec029,Play Store,"I ordered 5 items on Sunday. The app showed delivery by Thursday. On Wednesday, one item was said to arrive in hours, but it was cancelled. I rescheduled it. On Thursday, the same item was said to arrive again, then cancelled again. I cancelled that order. Minutes later, the other 4 items were pushed to Sunday. I ordered these for Rakshabandhan on Friday. The false promises and poor communication ruined my day.pathetic.",1.0,2026-08-28 22:55:48.000000,4.0.5
play_d9b32606-3b47-4f86-85aa-548703d1b16a,Play Store,"Very disappointing experience with Nykaa. I placed my order on 6th August, and it was supposed to be delivered by 8th August. But I still haven’t received my order, and there is no proper update in the app about the delivery status. This is really frustrating. Please improve your delivery service and provide timely updates to customers. worst app",1.0,2026-08-12 13:09:50.000000,4.0.4
play_cd85da6a-ec81-481d-a40f-4192a6c688fb,Play Store,"My first order with Nykaa has been a very disappointing experience. I placed my order on the 19th and received the package on the 25th, only to find that one of the products was missing from the box. I immediately raised a complaint and uploaded all the required details and proof, but I have still not received any proper assistance or resolution from a Nyka ’s customer support. For such a well-known beauty platform, this level of customer service is extremely disappointing. This experience has",1.0,2026-08-16 09:29:37.000000,4.0.4
play_cb1726df-138d-4763-8252-764e2ed55b94,Play Store,"I am extremely disappointed with the way my order has been handled. I placed this order specifically as a gift, and the promised delivery date was 9 August. However, you have now changed the delivery date to 17 August and then to 27 August. This is completely irresponsible and highly unprofessional. If you cannot deliver an order within the committed timeline, you should not mention a specific delivery date at the time of placing the order.I needed this order for a specific occasion.",2.0,2026-08-15 15:14:40.000000,4.0.4
play_954f9064-1d32-4485-9cd2-10b94716e8ca,Play Store,"the customer service is very poor, I had complained for three days that the delivery agent had not attempted the delivery but updating we are not available when we are complaining we are available but no call was made. after three days of repeated calls to the customer service they are saying we can't do anything except taking feedback. This is worst kind of experience. I had marriage in two days now they are saying we would help you get refund as a favour which I am entitled to get.",1.0,2026-08-16 15:06:07.000000,4.0.4
play_a2bb26d8-2ad0-4760-a402-b521b882db3d,Play Store,"Apart from the products, the confirmation, shipment and delivery is worst! I don't understand what's wrong with the invoice, the prices differs and goes high. I'm dissatisfied with my first order, the order was delayed and again returned back to warehouse?? I had to book my order again, and found out other two items were missing? they were never delivered, Total waste of time and my money!",1.0,2026-07-02 12:43:49.000000,4.0.2
play_d535db3a-1fe1-4886-a5d8-e95024002e2d,Play Store,Seriously like it was horrible experience like I have called you a thousand times and complain about delaying of my order and still whenever I call in the customer service they say that you are going to have your order in 24 to 48 yrs and I never receive the order like every freaking time this happens. This is the worst app I have ever used and I am never gonna use this stupid app again in my entire life. Like I was waiting for my order for approximately two weeks and you cancelled it.,1.0,2026-08-20 19:18:49.000000,4.0.4
play_9a5f0819-7050-4bf2-84cb-2e4b1822f446,Play Store,Very bad experience on return since 25 days no one picked up the return. first it was approved one month after returning multiple times now approved on first August no one came for pickup. every customer care executive said 24 to 48 hours to take for pickup but it was not picked up.,1.0,2026-08-24 23:35:07.000000,4.0.4
play_e972b35d-a199-4043-b71b-4c891264fcf4,Play Store,"The delivery is showing as scheduled for August 29th 2026, and it is already 4 PM. I haven't received any assistance whatsoever, and I still haven't received my order.If they cannot deliver on time, they shouldn't even display it there.🙏 thankyou so much for ruin my special day, There's no customer service here. All responses are computerized, and you don't get any help.",1.0,2026-08-29 18:16:26.000000,4.0.5
play_37ed80f5-4a3b-4ce3-b3a1-d00a0f427797,Play Store,Very disappointing experience with the app. Please never order prepaid orders from this app because neither the order arrives nor the refund. I placed my order on 6th Aug and today is 22nd August and till today I haven't revived the order nor my refund. I am never going to place an order again on nykaa and I suggest everyone to purchase from their offline store but not from their online. It is completely a fraud app.,1.0,2026-08-22 17:00:46.000000,4.0.4
play_98982161-5e63-4c4d-b356-13cacf25020c,Play Store,"Extremely disappointed. Ordered a Wildcraft backpack expecting delivery by 9 August - pushed to 10 August, now further delayed to 13 August. Zero clear communication on the cause. Order stuck at ""being packed"" for 5+ days with no movement. Contacted support multiple times via chat - it just repeated the same automated response every time, no real help. Phone calls went unanswered too. Wasted so much of my time following up for nothing. Extremely poor customer support experience. Very disappointe",1.0,2026-08-09 11:24:02.000000,4.0.4
play_0b7344f8-866a-47dc-a55a-2d4cf4fc5771,Play Store,"I had the worst experience with the Nykaa Beauty app. I have been trying to place an order multiple times, but the order is not getting placed. I've been परेशान (troubled) for the last two days because of this. I even contacted customer support, but they couldn't resolve the issue either. Whenever I try to place the order, it shows: 'Something went wrong, please try again.",1.0,2026-06-18 13:37:35.000000,4.0.1
play_e42ad55e-f915-428b-a5dc-7b8d64ed0bab,Play Store,Return and refund policy not customer friendly. I am a regular and loyal customer I always choose nykaa. Another shopping platform offers less price of the product but I always do shopping only from nykaa but the return and refund process is not good. Not recommended.,1.0,2026-08-14 18:59:11.000000,4.0.4
play_c5b79d09-b91d-4c61-a7e6-d3ec008a44df,Play Store,"Too bad service..! I've ordered two products then after I've to return one product. So, the return request is rejected without any reason they said it doesn't have returned policy. In product clearly written easy returns for 15 days you can return or replace.",1.0,2026-08-11 19:28:12.000000,4.0.4
play_c6c5afc8-de76-4c64-b286-f11e141bbf6a,Play Store,"app is full of production bugs, items in cart gets automatically added in 2hr delivery and user cannot choose between normal vs 2 hr delivery. And, nykaa is never able to fulfill the 2hr delivery and they cancel the order, customer care is of no help.",1.0,2026-08-19 13:44:28.000000,4.0.4
play_f9d799aa-225f-4e6a-b4fe-f619bf8cec8e,Play Store,"worst app ever, receives damaged products, delivery get cancelled, products are not worth buying, I have a worst experience since 2 yrs buying from nykaa.. I really hate this app. I won't give a single star to this app but to convey my reviews I have to select a star... currently I had around 3k of loss and no one is ready to help us from customer care. I'll honestly recommend everyone not to buy anything from this worst app",1.0,2026-08-14 11:27:47.000000,4.0.4
play_2396c056-e355-46c2-a82f-261fabd11506,Play Store,"Very disappointing experience with Nikka. I ordered a combo containing 4 products plus 1 individual product, so I was supposed to receive 5 products in total. However, I received only 2 products. I contacted Nikka customer care multiple times. Every time, they told me that my refund/replacement request had been processed and that I would receive an update within 48 hours. But whenever I check the status on the app, it simply shows “Request Rejected.” I have already made 4 complaints and called",1.0,2026-08-17 19:13:31.000000,4.0.4
play_aeb63889-14bb-4669-8e0e-4fe2588cfa81,Play Store,"It's been 1 week since I placed my order, but I still haven't received it. The delivery keeps getting delayed, and I'm not even able to cancel the order. Customer support has been unhelpful, and there is no proper resolution. Very disappointed with Nykaa's service. I expected much better. I won't recommend this app based on my experience.",1.0,2026-07-29 14:54:23.000000,4.0.3
play_56aa0950-0b5c-43e8-abc9-19c7397063c0,Play Store,"today I am facing the worst experience from this app,no resolution of my problem.I had ordered products which is showing will be delivered within 1 day but it's about 3 days completed I had not received my order yet.compained so many times but no resolution,I am not able to cancel that order also,there is no update on the app..facing the worst experience.",1.0,2026-08-27 16:01:03.000000,4.0.5
play_43fea212-f385-40ac-8963-6eac818ab0a5,Play Store,"I'm so disappointed from my last few orders they don't deliver it on time & it was stucked with them for so long & then cancelled and my recent order is also stucked & even one of my order for return needs to be picked up but they didn't even picked it up, so disappointing service nowadays, I'm so fed up with their services and even after telling them not to give my orders and pick up to shadowfax they give it to that pathetic delivery partner of them, who don't even try to deliver it & pick it",1.0,2026-08-23 15:21:01.000000,4.0.4
play_5ed3016e-8add-4b68-a2e5-a90aa306c8d9,Play Store,this worst app i ever seen there is no response or anything I regret ordering here my order was not delivered and money paid also was not refunded this not a best platform for buying cosmetic my order was delayed more than 10 days there is no response from any of the team members also they think money is a game card I am very frustrated contacting customer through mobile WhatsApp and even in mail there is no response kindly rectify and correct the mistake my money was theft and 7k was a loss,1.0,2026-08-13 18:28:03.000000,4.0.4
play_7026cf4b-f909-4b18-98b6-eff195fc6b71,Play Store,"The worst app I ever see, don't buy anything from this I ordered some products and I prepayed the cash.iam order in the date July 31 and today is Aug 15 .They don't deliver my order they changing the delivery date .The most better app for shopping is amazon, flipkart etc .They don't cheat",1.0,2026-08-15 21:15:54.000000,4.0.4
play_97d18c04-6f74-4c45-bf36-1d209b2e08d9,Play Store,"The delivery experience has been disappointing. The order status shows ""Out for Delivery,"" but the delivery is significantly delayed. The delivery partner did not contact me, and the status keeps changing to ""Reattempt"" without any communication. Additionally, it is very difficult to get support, as there is no visible customer care number or chat option in the Help Center.",1.0,2026-06-22 19:40:33.000000,4.0.1
play_db0a28bf-5a5d-4762-9f23-d378477ef380,Play Store,"Worst delivery service. My order has been delayed for several days beyond the promised delivery date, with no proper update or explanation. The tracking information is not helpful, and customer support has not provided a satisfactory response. Very disappointing experience. Please improve your delivery service and customer support.",1.0,2026-08-11 20:49:02.000000,4.0.4
play_028e2967-11e3-48a0-8b39-21189da28eae,Play Store,"the worst shopping app ,, the worst experience,, the worst customer service,,, I canceled my order and this is 6th day I didn't receive my refund ,,, this shouldn't work like this , I mean how much time this app wanted to refund my money ....now I am hopeless I feel like I will never receive my refund.",1.0,2026-08-13 00:49:41.000000,4.0.4
play_c9a39003-1627-42cd-b170-95e7459c2415,Play Store,"Nykaa, either fix your delivery issue or just stop being in business. My order is out for delivery since 2 days and still haven't received it. When contacted the customer service all the said is that we will try(no timeline, no delivery guys number) and told them can you contact the delivery guy and get the status, for that too the exec said 'we can't do that'. Horrible experience - I have just added trouble to myself by ordering from this app. Worst experience.",1.0,2026-07-07 11:19:24.000000,4.0.2
play_1e6aae88-dbf1-42b6-a41c-a269531a835a,Play Store,"Worst experience with both delivery and customer service. My order was supposed to arrive within 2 hours, but it has taken days. Customer support kept giving repeated responses without providing a proper solution or clear delivery timeline. Very disappointing experience.",1.0,2026-08-17 16:34:31.000000,4.0.4
play_f753daf0-fbd6-4d1d-8a5e-eebd9287c1fc,Play Store,"Hi there is a glitch in this application, the moment I pay for my product, the amount gets deducted and it shows payment failed in the application and later the product is visible in my orders as confirmed order.. Please fix this.",3.0,2026-08-09 19:00:20.000000,4.0.4
play_52075556-a652-4eb4-95a5-a8f938c7131f,Play Store,worst app ever I had order vaseline tin in 18th August and still i didn't get it. I can't cancel my order because it is shipped and when I am tracking it is showing that my order is not shipped only and there customer care number is also not working.,1.0,2026-08-26 10:11:28.000000,4.0.4
play_840e4550-1afc-4276-a68e-d13e5ea1dbb6,Play Store,"Everything is fine until there’s a problem with the order. I received a perfume pack with 6 bottles, but only 4 were delivered, and even those were partially empty. I immediately shared pictures with customer care,but instead of taking responsibility,they only explained the return process.It has been 12 days,and their“quality check” is still pending to approve the return. If quality checks are required,why aren’t they done before dispatch?Where are the customer’s rights in such cases?",3.0,2026-08-10 19:40:15.000000,4.0.4
play_665aade5-fad2-432c-a51c-98924b0d5806,Play Store,this app is only looting way without any discounts in fact show any product price higher than that real price and then discount on this less which are not mentioned on that products. I just received my ponds gel cream and on the app that price is 395 after discount I received in 387rs and the real price on the product is 349rs and mentioned on the app easy return policy still not return my product. very very shameful app... I will never ever again use this app..,1.0,2026-08-20 11:43:38.000000,4.0.1
play_3c7a85c6-48c1-41c4-813c-24e975051650,Play Store,"I am very disappointed with my delivery experience. My order was reattempted multiple times. The delivery executive called and asked for the OTP, but the package was never delivered. Later, my order was marked as canceled. This is unacceptable. Please investigate this issue, explain why my order was canceled without delivery, and take appropriate action against the delivery partner. I request a proper resolution as soon as possible.",1.0,2026-08-04 20:43:27.000000,4.0.3
play_f5d2e731-9681-4a3c-a3a8-3e044f88cfcd,Play Store,Nykaa used to be my go to app for beauty shopping but in recent times it has gone down. The support system is absolutely horrible not to mention that they send defective products and delay the pickup so that you're stuck with it. Better to purchase from the store than Nykaa. Please do better !,1.0,2026-08-04 12:12:27.000000,4.0.3
play_03415b7c-9530-4fd1-9a1a-de33b4b75bd2,Play Store,This is my first time using nykaa app I had the worst experience especially with the delivery I ordered products from nykaa and they changed my delivery date 3 times till now and I am still not sure that it will be delivered on time as there is still no update on the app and it's already 10 days and chatbox is of no use it's not at all showing the right way to connect with the customer care. seriously I have to think more twice to use this app again because I cannot trust this app.,1.0,2026-08-09 00:25:46.000000,4.0.3
play_16f809da-bec0-4023-aa5f-062594db2df2,Play Store,"I am writing to express my disappointment regarding my first order with Nykaa Minutes. Although I received the delivery within thirty minutes, the product was delivered in a damaged condition, which was quite upsetting as a first-time customer. I immediately raised a replacement request for the broken product, expecting a quick resolution from your quick-commerce service. However, it has now been three days and I have still not received the replacement product nor any proper update regarding its",1.0,2026-08-26 16:08:42.000000,4.0.4
play_6b4aa9d2-4134-4177-a949-d93822da67de,Play Store,"Dear Nykaa Customer Support, I am extremely disappointed with the handling of my order. I have already received my parcel, yet the Nykaa app still shows the order as ""Rescheduled."" On top of that, I continue to receive calls asking when I would like the parcel to be delivered. This is highly unprofessional and reflects poor coordination between your system and delivery partners. It has caused unnecessary confusion and inconvenience.",1.0,2026-08-04 12:31:50.000000,4.0.3
play_e86c4643-10a1-4971-ae00-6b1a0e8dcaab,Play Store,"I ordered a Pilgrim 2% Hyaluronic Acid Hydration Super Serum but received a different, lower-priced product. Customer support acknowledged the mistake and confirmed that a replacement had been initiated. However, the replacement was later cancelled without any explanation or prior notice. This is highly unprofessional and unacceptable. Customers should not have to bear the consequences of a company's mistake. I expect a proper explanation and prompt resolution to this issue.",1.0,2026-08-04 13:36:54.000000,4.0.3
play_6d242892-8557-4d7f-b822-c30b74af7fb1,Play Store,"Nykaa a fraudulent beauty app , pathetic customer support. While placing an order they will show you the delivery in the next 2 days but post placing the order; delivery is delayed by 20 days and ultimately the prepaid order gets cancelled. I am a Platinum member and usually I do 20K shopping yearly from this app. However, post this experience I will use Myntra. They have much better discounts, great delivery and customer support which Nykaa can't afford in there Pink beauty sales.",1.0,2026-08-16 23:18:51.000000,4.0.4
play_4c848d9e-43e8-4662-a176-f6c148b33875,Play Store,"I have ordered Dot & Key products from Nykaa twice, and both times I had a terrible experience with the delivery. Without even receiving a call from the delivery agent or any proper delivery attempt, the status was simply updated to “Delivery Failed.” This has happened to me twice, which is extremely disappointing and frustrating. If you are unable to ensure proper delivery, then customers should not have to face such inconvenience after placing orders. Horrible experience with Nykaa's delivery",1.0,2026-08-30 14:46:46.000000,4.0.5
play_b600d846-1f3b-43b8-b8ff-9bf65ba85e3d,Play Store,"I am very disappointed with Nykaa's service. I ordered a Pixi blush, but received a defective product. Although my replacement request was approved, it has been three days and the pickup has still not been completed. Every day I receive a message saying the delivery executive will come for the pickup, but by the end of the day the status is updated that the pickup could not be completed. This has happened repeatedly. They have pathetic service. This is highly unprofessional and unacceptable.",1.0,2026-08-04 16:15:22.000000,4.0.3
play_5a70a443-e82a-4aa4-b649-e239cacb46e0,Play Store,"I've had a great experience with the Nykaa app. It is easy to use, offers a wide range of genuine beauty and skincare products, and the delivery is usually quick. The discounts and offers are good, and the packaging is always secure. Overall, it's a reliable app for shopping for beauty products. I would love to see even more exclusive deals and faster customer support.",5.0,2026-08-07 18:32:23.000000,4.0.3
play_7fb10989-64fa-4833-aa23-4227c0a9970e,Play Store,"I am disappointed with Nykaa’s service. The delivery partner refused my polite request for evening delivery and falsely marked the order as “customer unavailable after multiple delivery attempts, which is untrue. There were no multiple attempts, and I was available. Due to this false update, my order was cancelled, and the product is now priced much higher than when I ordered it. I also received no support from Nykaa to resolve this issue. I request that my order be reinstated at the original pp",1.0,2026-08-01 23:33:33.000000,4.0.3
play_9c96998e-afc3-46ea-811d-847969d793eb,Play Store,"Very bad service by naykaa, it was my first time shopping with naykaa and I had a very bad experience, my order was not delivered i didn't even get any call for the delivery and it was delaying without any information it happens multiple times and then it got cancelled and I haven't received my refund till yet. I've called on the help line number of naykaa but there's no response like it's just ringing and ringing. I had the worst experience shopping in Naykaa It was my first and last time here.",1.0,2026-08-05 20:40:26.000000,4.0.4
play_55c2146c-d285-4fe9-a233-c481ba1cee2b,Play Store,"This is a very disappointing app. Whenever I urgently need a product, it never gets delivered on time. Instead, the delivery date keeps getting postponed. If you can't deliver on the promised date, then why do you show that date while placing the order? This is really frustrating. I will never order from this app again because my orders are never delivered on time. Your service is extremely disappointing.",1.0,2026-08-06 18:08:35.000000,4.0.3
play_443c76c7-1d09-461b-ba05-6d57db7ec924,Play Store,"I want to buy kay beauty products, but the expiry is like 3-4 months away ,they always have near to expiry makeup products in kay beauty. How do I order then? I want just recent made products, manufacturing date can be like 2-3 months old that's it, this is how products should be sold, products should be new. Really disappointing experience from kay beauty and nykaa. Please resolve this and provide me with new products- specially for kay beauty Matte full coverage foundation in Shade 115P Light.",1.0,2026-08-21 12:57:29.000000,4.0.4
play_32f39f3c-51a0-47a1-85a5-35684ddb60e0,Play Store,"⭐☆☆☆☆ One of the worst shopping experiences I've had. I placed my order because it was urgent, and Nykaa initially promised delivery on 2 Aug. It was then delayed to 5 Aug, and now it's been pushed to 11 Aug without any proper explanation. Showing unrealistic delivery dates and repeatedly delaying orders is unacceptable. Customers rely on those dates while ordering. I expected much better from Nykaa.Even though I reached the customer care email I haven't received any positive comments",1.0,2026-08-05 18:17:28.000000,4.0.4
play_bd2c70f5-01f9-4e75-90f0-9a2719a1573d,Play Store,"Horrible customer service, I made my order on 18th July and Today it's 2nd August and the delivery is not here yet. They rescheduled my order thrice. Today we called the customer service guy and he's asking us to cancel the order and take a refund because he can't assure when they will deliver my order. Extremely irresponsible management. Worst app to order products from. 0/10 rating.",1.0,2026-08-02 15:10:08.000000,4.0.3
play_127bdeec-68fd-4ba6-b837-6d27fe1e70ac,Play Store,"Very bad experience with Nykaa. 🤮🤢 I placed my order on 26 July. The expected delivery date was 31 July, and on 30 July I received a message saying my order was out for delivery. After that, there was no update. The delivery agent's phone was switched off, and I couldn't contact anyone. I called Nykaa customer support on 31 July, and they assured me I would receive my order by 1 August before 6 PM. Today is 3 August, and I still haven't received my order or any proper update.waste nkyaa🤮",1.0,2026-08-03 13:18:35.000000,4.0.3
play_cc698d99-d963-42cc-9cec-bda9d08da16d,Play Store,can't even raise an issue or a complaint in this app. I've ordered a product on nykaa an the expected delivery date was on 29/7/26. I was unavailable for 30 too.. I rescheduled the delivery on 31 st and no one didn't even called me for delivery.I was available on that day and they again rescheduled it for today and no one came to deliver it. The problem about nykaa is they are not even providing a platform to raise a concern...This app and the delivery partner is an utter disappointment for me!!,1.0,2026-08-02 16:23:59.000000,4.0.3
play_61cab2d1-b9d3-4d87-b76a-3d789954040e,Play Store,"Worst platform ever. I placed a prepaid order on 25th July which was scheduled to deliver on 28 July. It's been 10 days I have neither received my parcel nor been provided any confirm delivery date. No meaningful action has been taken by them. It seems that they are not working on my concern and they are not taking their customer's issues seriously. They just sit there for a timepass, answering calls and emails, each time they respond with the same answers and do not have clear answers",1.0,2026-08-07 14:37:03.000000,4.0.4
play_7afd7fb3-7a2a-48c8-9298-2bbfb9d637b3,Play Store,"They are unable to provide services like cancellation before shipping, unable to provide delivery agent contact no, unable to change payment method, and so on . Yaah, quality of the goods maybe good but the prices are higher as compared to other apps , then the services are also poor . additionally they postpone the delivery also .",1.0,2026-08-29 12:12:26.000000,4.0.5
play_ffff5d49-c20e-42cf-bf7f-4fcaa85d6272,Play Store,"Very disappointing experience with Nykaa. My order had already been cancelled twice by Nykaa. After placing it again, it was finally scheduled for delivery today. However, the delivery executive called me and said that he would not come to my address and that I had to come outside to collect the parcel. I refused because I had clearly provided my delivery address. The whole purpose of ordering online is to receive the order at my doorstep. I suggest do not use this app",1.0,2026-08-02 15:40:59.000000,4.0.2
play_39e4fa0f-1ca8-404b-915b-09c6346bd01a,Play Store,"Absolutely pathetic service! This is the THIRD time my Nykaa order has failed to reach me. Every time, they falsely mark me as “unavailable” even though I’m at home—no delivery partner comes, no proper call is made, and eventually the order gets cancelled. Now I haven’t even received my refund. Customer service is completely useless. Every time I contact them, I get the same scripted “we understand how you feel” response, but nobody actually knows where my order is or gives any proper solution.",1.0,2026-08-16 23:44:44.000000,4.0.4
play_cb755668-ce9f-41f8-bb35-8ff9951d0199,Play Store,"> I am very disappointed with the delivery service. I ordered the same item two times and both orders were cancelled by the app without delivery. If you cannot deliver products to my area, please do not accept the orders.",1.0,2026-08-09 23:18:02.000000,4.0.4
play_8b58819c-fb71-4d9b-961a-0fcdddc5da66,Play Store,"Worst experience ever with Nykaa. I received a damaged and leaking product with no manufacturing date or expiry date mentioned on the packaging. This is completely unacceptable, especially for a product that customers are expected to use safely. I've contacted customer support multiple times, but all I get are false assurances. Despite waiting for hours and following up repeatedly, I still haven't received my refund or a proper resolution. This has been the most disappointing.",1.0,2026-08-05 12:06:35.000000,4.0.4
play_ceda731a-ad24-4d23-9daf-67c620329444,Play Store,This app has no loyalty program as they claim to deliver product in 2 days but I didn't even get my order since 10 days the reschedule every days the delivery date . I am so sorry for trusting this app and believe on their service now I need here zero star for rating and if it is done to rate in negative or in minus star so I am also there for rating.,1.0,2026-08-29 15:03:10.000000,4.0.4
play_e34ed9e7-6be6-48cd-bed6-56eb2be4c011,Play Store,"I am writing this to highlight a very frustrating experience with Nykaa. ​The delivery service was highly unprofessional. My order was delayed far beyond the estimated delivery date without proper updates. To make matters worse, the delivery partner falsely marked the package as ""Customer Unavailable"" / ""Address Not Found"" without even attempting to call or contact me. The customer service team lacked basic courtesy and showed zero concern for the delay and inconvenience caused.",1.0,2026-08-10 20:44:53.000000,4.0.4
play_3829dead-2e3b-4030-902f-6d383ce12e34,Play Store,"NYKAA IS FRAUD, SCAMMER, CHEATER please don't buy from this app. this app is trash. I ordered the items and the same was not delivered but marked as delivered. I have called many times to resolve but customer care executives are useless, the customer service is pathetic, irresponsible people are sitting there. The return policy is also worst, return requests rejected without proper reason. IN CONCLUSION BEWARE OF THIS APP. THEY ARE FRAUD.",1.0,2026-08-28 08:03:33.000000,4.0.4
play_32abdddf-d64c-42e2-819e-63426a5015d6,Play Store,"They always delay the delivery of my order by saying that their delivery agent told them that I cancelled the order When I didn't even get a single call about it. It has happened with me two to three times.Everyday they will call and ask me that ""Did you cancel the order""?.Like how many times do I have to answer I didn't.It is really annoying and frustrating.",1.0,2026-08-07 15:03:14.000000,4.0.3
play_3daa4104-7be1-4f74-9386-809e69ddc5c2,Play Store,"Very bad customer service, they said easy returns but when i requested for a return they immediately canceled it and when i called the customer care they saying that they can't do anything and saying it's my mistake",1.0,2026-08-28 12:55:57.000000,4.0.4
play_964944d3-36a2-4a5f-a146-d36bca311847,Play Store,"Pathetic experience ... I placed an order on the Nykaa app and the experience has been utterly frustrating. The delivery is taking way longer than promised and the tracking updates are completely unreliable. ​To make matters worse the customer support team is entirely unhelpful. I reached out multiple times to resolve the issue, but the executives just give canned, automated responses without providing a real update or solution. They keep closing tickets without resolving the actual problem.",1.0,2026-08-09 08:06:22.000000,4.0.4
play_1106646d-9c00-443a-8962-0f73fd1a838f,Play Store,"worst experience, I give zero star for this app disappointed with their customer care service and it takes months to get refund, I didn't receive my order on the date they mentioned it delayed 4 times so I cancelled the order and till now I didn't receive my refund it's almost 1 and a half month very very unhappy and I don't recommend this app to anyone",1.0,2026-08-06 19:08:02.000000,4.0.4
play_76f2649b-327e-43b4-8e8e-7ebaf92e203f,Play Store,very bad experience.. either the products get delayed sometimes... or some scam people call.. saying they are from nyka asking for already payed money to repay again... saying the orders are halted somewhere.I don't even know whether these ppl are related to nyka even.. but how these scam ppl get the order details? this app needs to check on all this as there is big trust issues created. once my parcels were open on the way.. I had to cancel and reorder again. Nyka needs to be more professional,1.0,2026-08-01 21:30:55.000000,4.0.3
play_1d41c2e3-bd6d-49cf-bf3f-5aeabc44b736,Play Store,"My order was delivered on July 25. I placed a return request on July 26, it has been almost 2 weeks. No one has contacted me or attempted to pick up my order. No proper response even after calling customer care multiple times. Totally irresponsible behavior. Worst customer service ever.",1.0,2026-08-08 10:52:46.000000,4.0.4
play_3a0725e2-46cc-4503-af37-12b1f95eefd8,Play Store,"They show that the order will be delivered within 30 minutes, but even after 3 hours there is no update or response. Despite raising a complaint, the item was still not delivered. Their customer support is nothing more than scripted chat responses, with no real effort to resolve the issue. If you are unable to deliver within the promised timeline, please do not display unrealistic delivery times and mislead customers.",1.0,2026-06-19 19:23:21.000000,4.0.1
play_6502c670-b62b-45e4-b715-aba85064343f,Play Store,"Very disappointing customer support. My order was cancelled due to a delivery issue, and the app has been showing ""Refund in process"" for days. The chatbot is completely useless and keeps repeating the same message without connecting me to a real customer support agent. It's frustrating when customers cannot get proper assistance regarding their refund. Very poor after-sales service.",1.0,2026-07-31 17:45:43.000000,4.0.3
play_d0b1a508-856b-44a3-8faf-19235cf5bd7b,Play Store,"I am very disappointed with Nykaa's customer support. Whenever I call customer care, loud songs keep playing in the background, making it very difficult to hear the instructions clearly. It is almost impossible to connect with a support representative. I also sent an email, but I haven't received any response.On top of that, my order has been showing ""Out for Delivery"" for the last two days, but it still hasn't been delivered. This experience has been extremely frustrating. I hope Nykaa improves",1.0,2026-07-23 19:50:38.000000,4.0.3
play_ed537e66-7746-4501-b54d-3010f6cb917d,Play Store,"You can give your product reviews. Whether they post the review or not is upto them. Just ordered a moisturiser during the sale, tampered package aside (which can be blamed on the delivery establishment) the product which is not cheap, expires in 3.5 months. Transparency about expiry dates at the time of ordering would be the right thing. If you care about doing the right thing that is.",1.0,2026-07-25 18:21:16.000000,4.0.3
play_5c6212c9-298f-40e5-8962-4719ee78dee5,Play Store,"This marks my second disappointing experience with Nykaa. I decided to give them another chance, but the delivery for my order was delayed repeatedly. Eventually, I had to cancel it because it never arrived. To make matters even worse, the refund process has also been extremely delayed and frustrating. Having experienced these repeated issues across multiple orders, I cannot recommend their app. I am extremely disappointed with the delivery service from Nykaa. they wasted my time verybad",1.0,2026-06-14 15:30:25.000000,4.0.0
play_b4802a79-3f07-417d-99b6-57c659cde028,Play Store,"One of the most horrible application out there! You guy's didn't deliver the product on time, delaying the delivery date by every 48hrs and then marked it Rto and my refund is also pending since then, the product was supposed to be delivered to me by 4th July! But it is not delivered and I don't have the refund as well! Mind you guy's never purchase anything from this application through prepaid mode. Worst app",1.0,2026-07-09 05:04:50.000000,4.0.2
play_e935e24a-675b-4856-8495-df267c134931,Play Store,"⭐ 1 Star – Very Disappointing Experience I’m extremely disappointed with Nykaa. I ordered a product during the Pink Summer Sale. The first time, Nykaa cancelled the order themselves even though I did not cancel it. So I ordered it again for the second time. But this time, the product has still not arrived, even though it was supposed to be delivered on time. The tracking has been stuck in Gurgaon, Haryana, and I still haven’t received the product in my hands. What’s even more frustrating is that",1.0,2026-07-28 19:32:12.000000,4.0.2
play_fc88f32b-ebc1-45fb-b529-9f84e77a0494,Play Store,"I gave Nykaa five stars before. But with the recent order, I am really disappointed. The order shows out for delivery but the agent doesn't even call and cancels my order and says that they will try to deliver it in the next 24 to 48 hours. This same thing has been happening for the last three days! The delivery agent doesn't call and if it calls they don't respond from the other side! The worst customer service. When I called and talked about the issue, they cut the call! Really disappointed.",1.0,2026-06-26 14:51:10.000000,4.0.1
play_459b133b-01e8-4283-a476-1ba39010eafb,Play Store,"Nykaa is a very bad app. I had a terrible experience. I ordered 4 items, but I received only 1 wrong item. After requesting a replacement, I got only 1 item, and the other 3 were never delivered. I couldn't get any help or a refund. This was very disappointing. I will never order from Nykaa again.",1.0,2026-07-30 20:25:17.000000,4.0.3
play_ad43388e-ddb3-4004-9b00-914094bd07fb,Play Store,"⭐☆☆☆☆ (1/5) Very disappointing experience with this app. I ordered a product that didn't suit my skin and requested a return immediately. My return was rejected on the grounds that the product seemed ""used,"" even though I had only opened it to check it and did not actually use it. It feels unfair when customers are not given the benefit of the return policy. Customer support was not helpful in resolving the issue, and the entire process was frustrating. I expected much better service from nyka",1.0,2026-06-29 20:06:16.000000,4.0.0
play_24182188-684d-455e-8762-73890b3f1c80,Play Store,"I raised a return request on the same day the product was delivered due to a size issue, well within the 7-day return policy. However, Nykaa Fashion kept delaying the pickup with false excuses like ""pickup failed"" even though no pickup was ever attempted. They wasted the entire return window, and now the return option has disappeared. This is extremely disappointing and unfair.",1.0,2026-06-27 20:33:13.000000,4.0.1
play_e85d7bcb-fad3-49fb-a7c3-89102af98fb3,Play Store,"It is a very bad and disgusting app. I ordered a perfume. On my scheduled delivery date, I was unavailable. The delivery agent said he delivered this product to my owner, but the owner was also unavailable. I complained, and I sent an email for a refund or to issue a coupon, but they didn't. Very bad experience. Don't order anything through this app. If you receive the wrong product, when u return, they receive their product but don't refund. Kindly don't order anything through this app.",1.0,2026-08-01 17:26:50.000000,4.0.2
play_8086d6d9-3761-4d7f-9ef0-f0596955b94b,Play Store,I have been using this App for the last 4 or 5 years or more. But day by day the service of Nykaa is getting worse. After placing an order it shows within 2 to 3 days it will be delivered but after waiting 8 days it doesn't deliver without any message or call. it happens to me 4 times already. There are a lot of good Applications to buy cosmetics but I will never and ever use this App ever.,1.0,2026-07-24 12:06:03.000000,4.0.2
play_ddb29bf3-9ee8-4e72-ab68-607fda9aa485,Play Store,"Overall, the products were fine, but my return experience was not good. When I tried to initiate the return, I couldn't easily find the return process page. After finally finding it, I had to submit separate return requests for the moisturizer and sunscreen, even though both items were delivered together in the same order. The return process should be easier to find and should allow customers to return multiple items from the same order in a single request. I hope Nykaa improves this experience.",2.0,2026-07-06 12:06:10.000000,4.0.1
play_b05b98fa-713e-49e5-a4be-5e251663d289,Play Store,"Very disappointing experience with Nykaa. I ordered the Insight Skin Tint and requested a replacement within 10 minutes because the shade didn't match my skin tone. After keeping my request pending for almost 24 hours, it was rejected just because the product was opened. How can a customer check the shade or verify the product without opening it? I also called customer care 3–4 times but couldn't connect to any executive, only the AI system. Poor customer service and an unfair replacement policy",1.0,2026-07-30 16:49:04.000000,4.0.3
play_7446b836-5daf-4011-8dca-1de90eed0bf5,Play Store,"I ordered the products from Nykaa, they show the package will deliver in another 2-3 days right after placing order, which is good but they do a delivery at night, and it's really hard to pick because I've put my work place location. And just because of this reason I've cancelled orders multiple times. Nykaa really disappointed me this time 😕",1.0,2026-07-30 19:14:44.000000,4.0.3
play_df0a2382-1526-4268-8d53-28bb468ac00a,Play Store,"I had the worst experience from nkyaa, i ordered two of the same body mist but when I received my parcel it had only one of the product, the box in which it came was just too small to fit two of the mist, i even made a video while opening the parcel but when i complained about issue at the customer care he we have triple checked your parcel before sending the package so its not possible that one of the item is missed i even sent them email regarding this but they did nothing, VERY DISAPPOINTED!!",1.0,2026-07-12 10:51:00.000000,4.0.3
play_b39411bd-904c-45cb-9f29-e800bd2c85c4,Play Store,"Worst delivery experience with Nykaa. The delivery agent never called me and falsely marked the order as ""customer not available."" The delivery was rescheduled multiple times, but they still failed to deliver it and kept adding the same false remark. I wouldn't recommend shopping on Nykaa. Even after paying in advance, I received extremely poor service. Very disappointing!",1.0,2026-07-26 18:54:15.000000,4.0.3
play_db4af81f-4f09-48b7-b39a-1a4fd764b7a2,Play Store,"""Worst delivery experience. False delivery updates, poor communication, and no timely delivery. Very disappointing."" Whenever I place an order, my parcel never arrives on time. Every time there is some delay, and customers are unnecessarily inconvenienced. The delivery updates are often misleading, and the overall service is very disappointing. Please improve your delivery process and ensure parcels are delivered on time.",2.0,2026-07-05 12:22:33.000000,4.0.0
play_1ab3ccb7-574f-4d04-b7dd-f267b1196556,Play Store,"😡⭐☆☆☆☆ 😡Very poor return policy. I received a product with missing items. Customer service is terrible, and the contact number does not work. Return and replacement requests are very difficult, and the company cancels them without proper support. Very disappointing experience. Not recommended. 😡😡😡",1.0,2026-07-28 21:00:13.000000,4.0.3
play_985e399a-208d-4d84-aa23-68c01f444494,Play Store,Best app for beauty shopping... great packaging great quality and variety.... one suggestion I would like to give is to include pay later emi option as costs becomes high so sometimes it becomes difficult to buy 9k or 10k products together.... rest it's one of the best and very trustworthy....I would rather pay 500 more then buying from other apps which provide more discount,4.0,2026-07-29 23:00:21.000000,4.0.3
play_49d65aca-a001-4781-aef9-c32f5e9ca24d,Play Store,"the products are good .. but the delivery, shipping is very bad , never deliver the packages on time even after giving estimated delivery date always there is a delay , I have faced the same issue with every order , not happy at all , sometimes we require the products in emergency cases too , very bad service and do not allow us to cancel also had to purchase the items from somewhere else paying more , ridiculous",1.0,2026-07-24 11:50:02.000000,4.0.3
play_4fc67f39-82a2-4674-a6f7-cc7cf770d96a,Play Store,"Worst customer service ever. I placed a 60-minute delivery order on 04-07-2026, but the order was marked as delivered even though I never received it. After multiple calls, I only got repeated apologies with no resolution. Today is 15-07-2026, and I still haven't received my product, refund, call, or email. Completely unacceptable service.",1.0,2026-07-15 10:18:24.000000,4.0.3
play_fbd25a65-d51b-4680-9426-ed0d7a144395,Play Store,"Very disappointing experience with Nykaa. My prepaid order was marked as delivered even though I never received the product, never shared any OTP, and did not receive any delivery confirmation via SMS or WhatsApp. The delivery was also attempted before the expected delivery date. I immediately contacted customer support and was assured that I would receive an update within a few days. However, instead of a resolution, I was repeatedly asked to wait longer with no resolution yet. Pathetic service",1.0,2026-06-15 23:07:00.000000,4.0.0
play_6c6ff3ef-9f4e-4224-baa7-f27b6a805767,Play Store,"I was using this App for a long time and it has become one of the worst app in terms of delivery. I ordered a few products and waited for almost 2 weeks and when contacted the customer support, they assured me it will be delivered in 2 days and today, I have received a message saying that it was returned. Worst app. The same issue happened again, I ordered another product and its the same issue. Pathetic delivery service.",1.0,2026-07-15 12:51:15.000000,4.0.3
play_b503e1c5-22ee-4cca-8c1a-b41e8dfc2b94,Play Store,"This platform is absolutely rubbish. I made a mistake by trusting it. I ordered two quantities and paid for both but I received only one and for the last one week I was talking to their customer care every day and I was told not to worry, we will solve your problem and you will get your refund and I did get the refund but that too for the same quantity which I had returned it means that my refund for the missing quantity has not been initiated and my money is gone",1.0,2026-06-27 14:35:43.000000,4.0.1
play_5b7d484e-0dea-4755-bd2b-ead1ffd30e2d,Play Store,Nykaa is the worst online platform for beauty products. They mishandle the products and send them in their worst condition. you wont feel like using them. I stopped using it long back but for one product that was available here i placed the order and guess what it had to be returned the seal was broken I am sure they robbed and duplicated the liquid in the bottle. please dont waste your valuable time and beauty on this app.,1.0,2026-07-29 14:15:32.000000,4.0.3
play_5a7f4d95-4566-4480-bf58-f62a5583aa4a,Play Store,"horrendous app, bunch of scammers. I ordered something, they delivered something else because of the faulty app , the ordered section had some glitch and altered my order then refused to place a return whereas i hadn't even touched the packaging, customer support did nothing and they literally scammed me..don't waste your money ,stay far far away from this app, shop on myntra purple or any other platform instead... the support email does nothing and gives an automated response only",1.0,2026-07-24 14:47:20.000000,4.0.3
play_b711c435-892c-475c-b925-6e4fc5f3f7cd,Play Store,giving 1 star because cannot give zero. I ordered 4k worth of stuff from this app and prepaid ofcourse only to get the notification after 8-9 of ordering that We're very sorry to inform that 4 item(s) of your order was lost on the way. We'll ensure this doesn't repeat. A refund of your order will be initiated soon. Team Nykaa. I had prepaid it. waiting everyday for the delivery since 17th June. order date was 15th. every day since 17th I waited. no option to cancel and get refund also,1.0,2026-06-23 14:55:00.000000,4.0.1
play_ad95ff91-10d4-43fc-b37b-e313782cbc22,Play Store,"Worst return experience ever! I received a damaged/wrong product, and your system keeps rejecting my return request for no valid reason. Your customer support keeps giving automated, empty promises without solving anything. You take customers' money easily, but refuse any accountability when you deliver defective items. Absolute zero customer satisfaction!""",1.0,2026-07-26 21:04:01.000000,4.0.3
play_23dd09b5-be82-471e-a84d-e60cbb7a4215,Play Store,"I really like the Nykaa app. The delivery service and the return/refund process are excellent and fast. I recommend this app to everyone. However, I did have a terrible experience with the brand 'Kiro' once, as I was delivered lipsticks that were close to their expiry date—essentially old stock.",5.0,2026-07-25 01:51:58.000000,4.0.3
play_ee51ad42-4e02-4ec3-83b9-279fafab6a12,Play Store,"I am a nykaa prive customer but sorry to say nykaa is not capable of handling orders. worthless. delivered the whole package of 6-7 items wrong. Someone else's order was delivered to me. Even after raising the issue multiple times and connecting with the customer support executives, nothing happened. no pickup of incorrectly delivered items, no refund initiation nothing. Not gonna use this app anymore. Not at all recommended.",1.0,2026-06-20 12:29:42.000000,4.0.1
play_8676b280-8361-4518-850b-bc0a9756abee,Play Store,"I am disappointed with the product I received. The packaging was old, damaged, and in poor condition. Also, the product is very close to its expiry date, which is not acceptable for a skincare product. I expected a fresh product, but this looks like old stock. Please improve your quality checks and ensure customers receive products in proper condition.",1.0,2026-07-15 21:32:55.000000,4.0.3
play_caee9af6-806d-467f-90f5-6177753cd6c0,Play Store,"This time I am very angry with Nykaa. I've been shopping from Nykaa for a long time and every time I have received my order on time But this time I purchased some skincare products hoping that they would arrive by my birthday and the delivery date was also before my birthday but I didn't even get my parcel on my birthday and when I looked at the app, only one location was visible. Really, I am so disappointed",3.0,2026-07-06 13:03:26.000000,4.0.2
play_4910a1c2-6911-4e7b-aebb-461565af44ae,Play Store,app in general is good. it is easy to navigate and simple to understand but i have big main issue that is the payment issue. the product shows COD but then in the payment option it is not allowed also the upi doesn't work it always shows that this id is disabled which is not true and it kinda create a hurdle in my smooth journey due to which half of my orders are not done,2.0,2026-07-07 08:33:47.000000,4.0.2
play_066ddcaa-d744-4683-9588-1034f6fc8f00,Play Store,"your customer service sucks. completely. I ordered on the 4th of July and still haven't received my order. I am trying to reach them but I can't reach them. Their chat is AI, their voice calls are AI. I can't reach a real person who can actually help me! I don't know when my parcel will come as every day I get a message ""arriving today"" but it never does. I cannot even cancel the order or ask for a refund. Really disappointed. And then you don't reply to emails either! MINUS RATINGS....",1.0,2026-07-15 18:33:16.000000,4.0.3
play_d49b9b9f-0a24-4132-84b5-92d9430dff7d,Play Store,"Nykaa is good when u order some product. But very bad wen u have to return or exchange the product due to damage. I order pilgrim face serum and received it late and damaged. They won't have it returned or exchanged even after multiple calls or chats. They only ask to wait, but nothing happens. In app, it will show that pick up was unsuccessful even though u r available at home. No calls will be made by the delivery person. He will just update that we were not available. Big scam by nykaa.",1.0,2026-06-15 07:50:18.000000,4.0.0
play_acd90880-145d-4d8a-9d62-6488544fa7b3,Play Store,This app has soo many glitches even filling my address felt like a bit of a Scoop and my first order itself didn't get delivered even after 10 days. I'm soo disappointed by this app. this app has many products from huge companies but can't even deliver the order on time. I'm completely dissatisfied by this app and their services,1.0,2026-08-01 17:46:51.000000,4.0.1
play_814ee880-a863-4eee-80f2-644b86b00ef1,Play Store,My order was supposed to be delivered the next day. The delivery person called once but did not respond when I answered. The app then marked me not contactable which is not true. Then someone from the team called and I was told the delivery would happen within 24 hours. 24 hours later when I checked it was updated to 24-48 hours on the app. I called customer service to confirm and they gave another 24-48 hour timeline. So the one day delivery has been delayed to 3-4 days. So frustrating.,1.0,2026-07-05 17:09:39.000000,4.0.2
play_e8b3c3af-a0cb-46d1-b783-6782f723833e,Play Store,"i spent more than 2,3k on every purchase!! but they don't give any good free gifts !! they only give sample products which are so small and only one !! what is this behaviour nyka?? All India buys cosmetics or skincare only from you !! and you are being miser !! even if I'm ordering from your app for the first time you don't even give offers !! or free shipping!! what a miser !! You take so much profit from other makeup companies and yet you don't give free gifts to your customers. such a shame",1.0,2026-07-18 16:06:39.000000,4.0.3
play_83d091a5-73cd-4ac9-a355-c3117c235245,Play Store,"I requested a replacement because the serum arrived unsealed. The replacement arrived in the same condition. I do not feel safe using a skincare product that appears to have been opened, especially after spending nearly ₹20,000 on professional facial treatments. I requested a refund, but it was denied. This is disappointing and does not reflect good customer service or consumer protection. I expect a full refund and for the product to be collected.",1.0,2026-07-24 09:01:41.000000,4.0.3
play_d59a131a-905b-4261-bdaa-95dc2128b5c5,Play Store,"Horrible experience with @MyNykaa! 🚨 They delivered the completely wrong products to me, and getting a resolution is impossible. It has been 5 days, and they haven't even accepted my return request yet! The items are just sitting with me. [1] Unacceptable customer service and a painfully slow return policy. You make mistakes instantly, but take forever to fix them. #Nykaa #NykaaReview #BadCustomerService #ConsumerPlight #OnlineShopping Fail #NykaaSupport",1.0,2026-07-14 20:57:38.000000,4.0.3
play_864e3b8c-96b5-45ee-a4c4-c153e65fcd01,Play Store,"the worst app ever encountered. I had placed my order on 19th July which was expected on 23rd July but it was delay by 4 days and the delivery was attempted on 26th July bt I did not receive the code and thus the delivery partner took the order back from my hands, and since then I have been following up. worst customer service. inspite of taking n number of followups day and night I haven't received my products till date inspite of paying full amount.",1.0,2026-07-29 20:07:07.000000,4.0.3
play_bc308aad-8625-4b89-adda-a2bd03a86e29,Play Store,Worst experience ever with Nykaa. Always provide a delayed delivery even if the order is prepaid. And worst ever customer care service if you try to reach them out for a query they often put up a long waiting time. Also through their 24/7 chat service the query will never be resolved from their side. Never placing an order ever from this app again.,1.0,2026-07-31 18:44:07.000000,4.0.3
play_8d17d9f5-188b-4a59-83d1-87ed4d62efd8,Play Store,"Worst delivery app i have ever seen. Firstly i order some products through this app that time showing 2 hour delivery. Then showing order delayed after 3 days only order will delivering. Then i patiently wait 3 days. And now showing delivery failed delivery agent try to reach me multiple times etc.. But , i didn't get any single calls or message from agent or customer care..Now they returned and delivery failed. i didn't even get refund. Customer service also failed. Worst worst app",1.0,2026-07-21 22:50:17.000000,4.0.3
play_280d698e-6828-4775-813a-179d0a958e96,Play Store,"I have ordered on 1st July , and when I track my order it shows that I would probably receive my products by 4 th July. but it's 12 th July still no updates or whereabouts. and I am unable to track my order which is disgusting. when I contacted the customer care their were not even giving a proper tracking id . just telling about patience and stuff which is very gross. have to wait till I get my order and delete this app permanently.",1.0,2026-07-13 12:46:17.000000,4.0.3
play_5130c089-f806-4ca3-8872-273a61fcc450,Play Store,"i had very disappointed order has not delivered on time which time shown and very bad experience i had ordered gift box with beauty products only items received gift box missing, i was seeing application again and again on the application clear show which message i was type with gift box and i had paid gift box charges also and i was paid payment upi through They took an extra payment from me and they mention it we will refund but only 4.00 rs refund which payment is 198/-",1.0,2026-08-18 10:31:54.000000,4.0.4
play_009d8910-aae9-4fc8-abb4-44e17947bb7e,Play Store,"Nykaa is the worst. An item was missing from my order. I emailed them and reached out to customer service, but this isn't the first time they always seem to handle issues like this poorly. Really disappointed with the experience i already mentioned i dropped an email i think these kind dont even read what we are complaining about and just send us the random response on app. I HAVE ALREADY DROPPED AN EMAIL.",1.0,2026-07-17 12:18:41.000000,4.0.3
play_d5d2cf29-5b87-44d6-a4c6-6776f455b382,Play Store,"I placed my order on the 29th, and it was supposed to be delivered on the 3rd, but I still haven't received it. I contacted Nykaa customer care twice and was asked to wait 48 hours each time, but no action was taken. The delivery partner, Blue Dart, provides a very poor service. The delivery agent only gives a missed call and disconnects instead of calling properly. This is the third time I have faced the same issue with Blue Dart. Nykaa also failed to resolve my complaint. Very disappointing",1.0,2026-08-07 19:22:16.000000,4.0.4
play_7c36f6b1-e7bf-4812-bcc2-48892494809e,Play Store,"Placed an order which was to be delivered in 2hrs, it's been 72hrs and still have not received the delivery. Have filled customer complaint twice and all they have said is to wait 24hrs for an update and have received no updates. No reason was provided for why the package was delayed no nothing. Just been receiving scripted messages from the customer service department.",1.0,2026-07-15 11:42:41.000000,4.0.3
play_78a28b88-ab90-44fe-a2a8-91b34ddd156c,Play Store,"worse and pathetic experience with order delivery. order delayed and I have received text as ""we have received request to cancel the order."" I mean why and how? their delivery partner ""Shadowfax Delivery"" is highly non responsive and poor service for delivery. no any clear status of your order you can get / track.",1.0,2026-08-27 13:47:41.000000,4.0.5
play_f92d0665-5bb0-40d8-a678-650f6a5bfef8,Play Store,"My recent experience with Nykaa has been very disappointing. It's been almost a month, and my order is still not delivered. No delivery attempt has been made, and I'm only receiving automated responses from customer support with no actual update. I didn't expect this level of service from Nykaa.",1.0,2026-08-04 15:55:55.000000,4.0.3
play_21740e52-c109-4179-b0ce-9ffff78fe950,Play Store,"Extremely disappointed with Nykaa. My order is long overdue, and the tracking keeps showing fake ""delivery attempts"" even though no one came to my home. After waiting for days with no proper resolution, I had no choice but to cancel and request a refund. This has been a frustrating experience. Nykaa needs to improve its delivery service and stop misleading customers with false updates.",1.0,2026-07-11 17:21:27.000000,4.0.2
play_33e97e9e-ee4d-4d42-86f9-9a96da558205,Play Store,"Amazing shopping experience with Nykaa! The products were 100% genuine, well-packaged, and delivered on time. I loved the wide variety of brands and the discounts available. The app is easy to use, and the overall service was excellent. Highly recommended for anyone looking for authentic beauty and skincare products!",5.0,2026-07-31 11:57:39.000000,4.0.3
play_a995335d-e430-46dd-8f12-ce7c055ab3d9,Play Store,"I had my worst online shopping experience here , tried to seek help from the customer support and it turned out to be more disappointing . they kept on saying that my concern has been escalated to the relevant team and they'll reach to me in 24 to 48 hours but even after my 4 complaints I got no response but the same answer and they turned down chat every time without hearing . it's been more than month ,nor did I received the answer and not even the refund. i am highly disappointed nykaa",1.0,2026-08-10 16:49:12.000000,4.0.3
play_098abfff-c184-4644-b23e-5d09d9f3395f,Play Store,"I think there is a scam going on in Nykaa, I recently bought high end make up products which were already about expire in a few months but when requested for replacement they said products were not in original condition. Shame! will never purchase from nykaa. I better buy from other platforms or directly from stores like mac. just to save a few bucks at discounted prices will get all used or tampered products.",1.0,2026-07-21 19:25:43.000000,4.0.3
play_537cfd60-0f2a-4763-90b7-663c84b39c0d,Play Store,"My orders keep getting delayed, and the delivery date changes every time. Two of my products have already been cancelled because of these repeated delays. This is completely unacceptable. If you can't provide reliable service or keep your customers' trust, I won't purchase anything from Nykaa again. I'll also tell my family and friends about my experience so they know how your service treats customers. The worst part is that there are no proper or accurate updates about my orders.",1.0,2026-08-06 19:11:41.000000,4.0.4
play_2bd8c509-8d42-4c9c-b853-99e9274f9eb4,Play Store,"Recently there have been so many delays in delivery. My recent orders have all been delayed. Also I am a Platinum Prive member and as part of my Birthday gift they gave me a free sample 7g tube of primer. At this point you can stop the gifting system if you can't give actual gifts. Atleast gift according to the tiers. The tiers are based on how much money we spend on this app, and all I got for my birthday from them was a free sample. Pathetic.",1.0,2026-07-08 18:20:21.000000,4.0.2
play_72eca21c-0e1c-42cc-b820-4dbab5e14878,Play Store,"This is the worst app experience. I placed an order on the 6th, and it was supposedly shipped on the 7th. It still hasn't arrived. When I contacted customer care, they told me my parcel had been returned, but I never received a single call or SMS notifying me about a return. They have been dragging this out for a month. This is a terrible application, and I will never use it again. Save yourself the trouble and don't use it!""",1.0,2026-06-25 10:48:02.000000,4.0.1
play_182dddc0-a630-43bb-8784-6d5cf71157a1,Play Store,"⭐☆☆☆☆ The coupons look attractive, but they don't feel genuine. The product initially shows a low price, but by the time you reach checkout, shipping and other charges are added, making the final amount almost double. The pricing feels misleading and should be more transparent.",2.0,2026-07-07 18:36:02.000000,4.0.2
play_32421ee3-e1d4-49df-8efe-4f7044bf55a0,Play Store,"Worst experience with Nykaa. I prepaid for my order, but it is showing as delivered even though I never received the products. Customer support is also not giving me a clear response or proper solution. Very disappointing service. I expect Nykaa to take responsibility and either deliver my order or issue a refund.",1.0,2026-08-12 21:45:19.000000,4.0.4
play_0918dd92-e454-46e2-affc-84f782387e7f,Play Store,very very worst service..I am regretting why I order in this. I order plum body pack combo and I received the products which got leaked in the box and I am trying to replace or return it but the customer service is very bad they are telling always same thing and I send all the details and the images which are required to them but again everytime they are asking to send images again and again . the customer care number is the one where we will talk to a computer. very very worst app.,1.0,2026-07-28 17:12:25.000000,4.0.3
play_36ebe111-f340-48f1-b58c-dea9a4eea782,Play Store,"Very poor delivery service. The delivery agent never came to deliver my parcel, even after a reattempt request. I never received any call from the delivery agent. Without attempting delivery, the status gets updated incorrectly. This has happened repeatedly. Please take strict action against the concerned delivery agent and improve your delivery process.",1.0,2026-07-07 17:54:24.000000,4.0.2
play_ae6da852-debc-4c57-b452-20941b317f21,Play Store,"they sent me fake products, and one of the product was just half filled. upon trying for a replacement,the delivery boy refused to take back the product. and later the request always gets rejected automatically for return. waste of time.",1.0,2026-08-09 14:16:21.000000,4.0.4
play_eeda4ee2-95f8-4c95-b3d2-143357d0848a,Play Store,"​Ordered via Nykaa Now (120-min delivery). The product never arrived, but the status was updated to ""Delivered."" I never shared the delivery OTP with anyone! Customer support is useless at handling actual issues. This is not my first bad experience with them. Save your money and switch to safer alternatives!",1.0,2026-07-30 23:09:00.000000,4.0.3
play_4a611a58-590b-45d4-9aed-7ceea5c5e345,Play Store,"Very disappointing experience. My prepaid order was falsely marked as ""Delivery Failed"" without any call or delivery attempt. After multiple follow-ups for a refund, I placed another order and received the wrong product (ordered 300 mL, received 250 mL). Repeated mistakes, poor quality checks, and terrible customer service. Completely unacceptable from a brand like Nykaa.",1.0,2026-07-18 12:09:46.000000,4.0.3
play_aafc2482-4e31-44a1-94e2-67deccd53aab,Play Store,"I placed an order for Independence Day clothes with a guaranteed delivery date of August 12th. Today, I was notified that delivery is pushed back to August 17th—after Independence Day is over. The entire purpose of buying these items is ruined. Unreliable shipping estimates and zero regard for time-sensitive orders. Will not be ordering again.",1.0,2026-08-12 11:45:13.000000,4.0.4
play_a92c0f93-a3f8-4353-8ecc-9b7a4fbd3730,Play Store,"Requires substantial improvement on their ""chat"" option. There is no option to put in additional comments. Agents also do not appear to be efficient in understanding the problem faced by the customer and seem to follow standard protocol of 2 days in parrot fashion. Looks like they are trained to use fancy assuring words just to get the customer off the phone. Promises of call back remain unfulfilled. Also emailing to support group remains unanswered.",1.0,2026-07-12 19:48:53.000000,4.0.3
play_6a1b1338-75ad-411e-8a90-eb098230ac40,Play Store,"my order is delayed by 2 days, I'm trying to reach out to your customer care but unfortunately no human is actually answering or handling the situation only AI is answering my calls and texts, which is exasperating I placed an order to use today. which is already 2 days delayed and still no delivery partner is assigned this is highly upsetting nykaa.",1.0,2026-08-30 12:16:10.000000,4.0.5
play_9b9e7f7b-7bd6-418e-ba99-95e3934072ef,Play Store,"Very disappointed with Nykaa's service. My parcel is still not delivered even after the expected delivery date. I've tried contacting customer care multiple times, but the customer care number is not responding. There has been no proper update or support. This has been a very frustrating experience. I request Nykaa to resolve this issue immediately and deliver my order as soon as possible. I'd rate this experience 1⭐",1.0,2026-07-28 09:51:19.000000,4.0.3
play_0f3efc19-8e85-4385-92bd-d41c883a09ce,Play Store,very very very very very poor customer service...it has been 7 days since the delivery date and I have not yet received my order...the same response is being sent repeated irrespective of any questions...such idiotic services cannot be tolerated...I don't even know when my order will be delivered..it's does not even show a date..it shows delayed.. meaning I have to stay in the same place till I get my order ...what the hell is this,1.0,2026-07-25 18:32:28.000000,4.0.3
play_e1dc398a-eae9-489b-839d-01bbf256a82b,Play Store,This is such a bad app local app this app doesn't give product and shows that they have delivered the product and now they are not even giving the money we payed for those products and we didn't receive both products and money such a worst app I have ever seen don't buy from this app worst experience they showed that product will deliver on 28 then we checked so they said product is already delivered on 25 but we didn't received any of them and now they are saying you can complaint in btw 5 days,1.0,2026-08-02 17:44:06.000000,4.0.3
play_ed8fb295-a410-4da9-97aa-6eb58db17b12,Play Store,"Nykaa is one of the best beauty shopping apps! It has a wide range of genuine products, great deals, and a smooth shopping experience. The app is easy to use, deliveries are usually on time, and the packaging is always secure. I also love the detailed product descriptions and customer reviews, which make it easier to choose the right products. Highly recommended for anyone who loves skincare, makeup, and beauty shopping!",5.0,2026-07-15 17:19:14.000000,4.0.3
play_bfdda748-8f1d-42d8-a043-47228fcd394f,Play Store,"Whenever you offer a free gift or launch an offer, please make sure the gift is fresh, original, and actually usable. Many times, the free gifts I receive are either damaged or of no use. If you are giving something to your customers for free, please give it with genuine care and good quality. There is no point in giving something just for the sake of showing that you have offered a free gift. Customers deserve fresh and useful products, not damaged or unusable items.",1.0,2026-08-14 15:08:07.000000,4.0.4
play_2ac225c7-bb29-4554-88ae-cf26b2942e57,Play Store,"Ordered a Lipstick in the shade Bronze but received a different shade. I raised a complaint immediately, yet my return request was cancelled. Despite multiple conversations with customer support, they kept insisting the correct shade was delivered and did not address my concern. Very disappointing experience and a waste of money on a product I cannot use. Worst app ever.....",1.0,2026-06-14 18:52:06.000000,4.0.0
play_4ab40a4a-3727-46e6-b13b-05747a73efe8,Play Store,Very much disappointed........ here's what happened..so it was my first order on naykaa ...i ordered a body mist the sunkissed vanilla one from aqualogica yesterday...today the delivery status on the app was displayed as delivered but the thing is I did not receive my order...and moreover the delivery agent is not answering my calls or messages...i have already paid online for the product.....but got scammed in a way...moreover I find the shopping process on this platform is quite confusing .🥲,1.0,2026-06-16 22:13:41.000000,4.0.0
play_6fc8f3b7-1883-4bf6-9766-a750777a6ed3,Play Store,"Worst Delivery Security. Fraud Alert! The app is completely unsafe for prepaid transactions. Their delivery partners are closing shipments as 'Successfully Delivered' without sending or verifying the mandatory secure OTP. They literally handed my paid package to a complete stranger and marked it as completed. When you contact support, they hide behind automated system scripts instead of catching their courier fraud. Absolute zero accountability.",1.0,2026-07-23 00:30:17.000000,4.0.3
play_43c648d1-1df4-4c7b-ac64-1d7a95e01634,Play Store,"I’m absolutely furious with the Nykaa app right now! 😑 I’ve placed my order 4–5 times, and every single time, they keep delaying it instead of completing it. It’s been a whole damn month! How can an order take this long? This is seriously frustrating and completely unacceptable. I’m beyond angry with Nykaa! 😤",1.0,2026-08-27 11:32:50.000000,4.0.5
play_128d6c23-6baa-429c-a398-3c7e5ea9ab9d,Play Store,I want to give the rating in minus not even a single star..... if ur team want to reject the request of returned product.... then y ur team added return policy.... add it in product as non returnable or refund..... I have ordered a comb quality wasn't good requested for return immediately within 10 mins refund request has been rejected saying product used.without opening the product how will we come to know that it's good or bad. customer chat and call service is wrost never respond properly,1.0,2026-07-21 17:04:51.000000,4.0.3
play_b6255e2e-9b23-4c55-9e13-190d71c1234d,Play Store,"Extremely disappointed with Nykaa's customer service. I recently placed a large order, one item was missing and another arrived damaged. I reported the issue immediately and complied with all the requirements requested by customer support, including providing the necessary details and evidence. Despite multiple follow-ups, my complaint remains unresolved. The lack of accountability is unacceptable. Customers should not have to repeatedly chase support for a resolution to a genuine issue.",1.0,2026-06-20 23:22:00.000000,4.0.1
play_eb431ecc-0f4a-4612-931e-f74ecb4dd7f8,Play Store,this was my first order in nykaa. their delivery and shipment tracker is the worst. I was supposed to get my products 4 days ago and it keeps getting delayed for some reason. when I try contacting the customer service it's an ai bot who gives the same standard answers regardless of what I ask.,1.0,2026-07-08 12:56:57.000000,4.0.2
play_af4b4513-a60a-47d8-b193-85e83eddbd37,Play Store,"Unbelievably terrible experience with Nykaa! I was delivered a damaged item, and now they are refusing to accept a return or offer a replacement. I have wasted my money on a defective product due to their lack of quality checks. I demand an immediate resolution and refund!""",1.0,2026-08-19 17:49:01.000000,4.0.1
play_4e510e60-a7aa-499a-ab17-912708142f79,Play Store,i am really very disappointed. My order was delayed for 4 days because of delivery boy he lied that I didn't pick up the call and I am not available at the address. i gave them my 2 contact numbers but noone call me. In this period everyday I am in contact with nykaa agents who are available in chat section. They told me you order will receive Tommorow but at the 4 th day they said they are not able to deliver the order .They can told me this on first or second day of delay . worst experience,1.0,2026-08-13 14:27:58.000000,4.0.4
play_43c3a74a-4a03-4e43-a441-7ee5219bb1c7,Play Store,"Very disappointed with Nykaa. I placed my order on 14th July, and it was expected to be delivered on 19th July, but it still hasn't arrived. The delivery date keeps getting postponed without any proper explanation. I also emailed Nykaa as instructed but haven't received any response. I urgently need my order before 24th July. Very poor delivery service and customer support.",1.0,2026-07-22 20:59:38.000000,4.0.3
play_dbd16883-73d0-4bd0-aedb-71c19583b569,Play Store,"I have placed a order on 22nd and the date of dilevery was 25th and it is already 27th and the delivery attempt is still not made nor the app shows real time tracking from 23rd it still is showing the order is in patna . I cannot just accept such delay i wanted my product in hurry but it is kept getting late , i raised complaint but they are just telling me to wait it will reach me . After i requested cancellation they are saying I wasn't able to reach even after multiple attempts OMGtheaudacity",5.0,2026-07-28 17:05:17.000000,4.0.3
play_fb4ada4b-0db3-4ebc-9ca0-7e16b91c93f1,Play Store,"The app often promotes coupons and discounts, but I noticed extra charges appearing during checkout, which made the final price higher than expected. I also received delivery delay messages citing reasons that did not seem consistent with my experience. Greater transparency about pricing, fees, and delivery status would improve customer trust. I had even confirmed the delivery issues from customer care but actually they don't Care !very disappointed",2.0,2026-06-27 21:39:54.000000,4.0.1
play_d157ebc8-7f45-4110-a86a-6b905cc5cbd2,Play Store,i ordered 7 product and recieved only 1 and a randoom shampoo! when i try to raise the issue and return req it was cancelled!it was my frist time using this app and i am soo dissappinted..i called them and they said the team cancelled my request!you are giving me the wrong product my item is missing and then you are saying its non returnable! THE WORST APP EVER..i lost my money!!,1.0,2026-06-18 18:45:31.000000,4.0.0
play_cca77d21-2553-42d0-9f50-0eaa0605ed92,Play Store,"literally the WORST app I have ever seen, my orders got delayed and there is no option to cancel also the next day it's got cancel. to be honest I didn't received any order from nykaa till now I have ordered so many but those got delayed and cancelled. guys don't download this app ever!!!",1.0,2026-08-12 09:52:33.000000,4.0.4
play_4bf9d97d-b73b-4f47-912f-03f68d9da6d2,Play Store,"I recently purchased a product from Nykaa, but unfortunately, I was not satisfied with it. I submitted a return request through the app, but my request was rejected without providing any clear, valid, or satisfactory reason. I find this extremely disappointing, as the rejection was made without properly explaining the issue or giving me an opportunity to clarify my concern. I request you to kindly revie w my return request again and provide a proper explanation for the rejection.",1.0,2026-08-07 16:33:21.000000,4.0.4
play_d46d343c-d655-4a72-b6d2-ee8f9e7bc22a,Play Store,"Super disappointed with the shipping. Was supposed to receive my Bronson Professional hair color on August 29th, but today is the 30th and it's suddenly showing August 31st. Delivery timelines on here are completely unreliable.",1.0,2026-08-30 21:18:35.000000,4.0.5
play_d3e47e96-2607-42e6-8fb8-acdb628a69a1,Play Store,"Nykaa has the most incompetent customer support I have had the misfortune of experiencing, that too when I'm a ""prive platinum"" member. It's been 12 days and still no resolution to my issue, I only receive useless emails as updates. Extremely disappointed!!!",1.0,2026-07-12 16:21:11.000000,4.0.2
play_eb70f380-edff-460d-956f-d62c1acd1b4e,Play Store,should rate in minus. I've ordered 5 items in which I applied return for loreal concealer and it's been more than 2 months and I've not get my refund. after contacting so many times with their team I only received apologies. Please don't purchase from nykaa. if you ever want to return your product or change it you will loose your money,1.0,2026-07-17 13:10:13.000000,4.0.3
play_d96bbb94-7699-415e-9a16-89bb240c2da4,Play Store,"Hello Everyone Please never pay them while ordering.. don't pre paid them. They have absolute disgusting and disappointing customer service. For the first time I pre paid and still I haven't received my order. I don't have any update on app via messages or mail. I always did COD I got it on time. But for this time, it must get delivered on August 5, I spoke to CS they said mam sorry for the delay. Then, they changed the delivery address to August 7. And Still there's no update.",1.0,2026-08-07 11:45:23.000000,4.0.4
play_19c9333a-74de-4fa0-80f7-6ce415d691bf,Play Store,"I am very frustrated with your app and the overall service. I ordered a sunscreen, and even after two days it has not been delivered. I also accidentally ordered the wrong product, but there is no option to return or exchange it. Another product I ordered is not being delivered at all, and I am unable to contact your support team. The delivery is taking far too long, and I am not getting a proper response from customer service",1.0,2026-07-15 11:51:42.000000,4.0.3
play_2dcf3e38-0b6b-40fd-acdc-0ccadd98796f,Play Store,"⭐☆☆☆☆ (1 Star) Extremely Disappointed with Nykaa's Customer Service! I had one of the worst shopping experiences with Nykaa. I received the wrong product and immediately raised a replacement/refund request. For the last 7 days, the customer support team kept giving me false assurances like, ""Please wait 24-48 hours,"" ""Our team will contact you,"" and ""Your issue has been escalated."" After making me wait for an entire week, they suddenly changed their statement and said that the product is not",1.0,2026-07-27 12:27:58.000000,4.0.3
play_05bde88c-e068-48e8-a477-d8175a2f72df,Play Store,"Firstever I have buy from Nykaa beauty and experience was so bad. They sent same product but different quality, and deny to make return or replace the product. I have talked with 3 executives and they literally don't want to accept their fault and blame instead. They don't have clear return policy. I have ordered pilgrim bullet smudge proof and non transferable lipstick but the received is transferable and smudgy. Now they don't accept they have sent wrong product and diny to accept refund.",1.0,2026-07-11 15:08:11.000000,4.0.2
play_54771edd-67b6-4c70-805f-9781e3c1cb10,Play Store,App is working fine and good but the service provided by nykaa is worst ever don't buy it from here you will get your essentials in less amount in different platform and other platform provide faster delivery than this ....and their customer service is another level of scam.,1.0,2026-08-13 21:50:40.000000,4.0.4
play_e121829b-96bb-40a2-927b-65db2c8f3215,Play Store,the delivery time is long. i received wrong products completely . return procedure is so long it tookthem 10 days to pick up the product then also my refund was not initiated. customer support is not good . i called several times they didn't resolved the matter. now here i am stuck with products that i don't even use.,1.0,2026-07-15 19:21:43.000000,4.0.2
play_88bbfcdd-5620-494d-a7f6-c6d8b4994486,Play Store,"pathetic application you can't manually ping a location in the address section if you are not in the exact spot , customer care is useless entire application runs on AI assistant rather than any agent , even after calling these agents they talk as if they are some railway ticketing site(where if any issue is raised they just give up and say it's from irctc we just forward the message)just rather than irctc the call it a warehouse, customer care agents know nothing more than what mention in app",1.0,2026-08-23 13:01:23.000000,4.0.4
play_77fba2cd-78cd-4aaf-88c5-3aaa9e191681,Play Store,"Shopping on Nykaa is easy. Getting your order delivered isn't. If their courier partner is Bluedart, be prepared for endless delays and possible cancellation. My last TWO orders reached my destination city but were never delivered. No proper communication from the delivery executive, only repeated bot calls asking me to reschedule. Customer support kept promising ""priority delivery"" but took no real action. Nykaa needs to stop blindly trusting courier updates and start standing by its customers.",1.0,2026-08-07 00:13:10.000000,4.0.3
play_fca5d2ed-1f78-43d7-9128-faf953160c91,Play Store,Delhivery has been doing such a pathetic job. All the love I had for nykaa is gone because of the delivery experience. The delivery agent has been saying that I am unavailable to receive the order. But they've not called me once and rescheduled the order too. An AI call gets connected and repeatedly says that they'll reschedule my delivery in the next 24 hours! But no... !!! it's been 15 days. The last two deliveries have been on time. thank you.,5.0,2026-07-24 12:25:25.000000,4.0.3
play_b16813f6-af69-4800-8cbb-d757320766f7,Play Store,Recently I ordered some product from Nykaa . after receiving the products I immediately made a return request of a product that is wrongly delivered. days of waiting they rejected my request even after all the relevant photos . they lie about return policy. I am literally under mental stress due to this spam and unprofessional move of nykaa. the hard earned money has no value to them.,1.0,2026-08-01 18:19:55.000000,4.0.3
play_9b08218f-0d69-46b3-9bf1-c3b0a0c90059,Play Store,"I ordered Matrix Nourishing Protection, but instead I received Matrix Liquid Protection, which is completely different from what I purchased. I immediately contacted Nykaa customer care, expecting support and a proper resolution, but the experience was extremely disappointing. Despite clearly explaining the issue, the customer support team refused to accept that the wrong product was delivered. They repeatedly claimed that the correct product had been shipped without properly verifying.",1.0,2026-06-27 13:12:00.000000,4.0.1
play_6fa39f45-e20d-48f4-9d3e-310dc59e0a26,Play Store,"Very disappointed with the delivery experience. The order was marked as delivery unsuccessful because the address could not be found, but I was not contacted properly by the delivery partner. To make matters worse, I received a refund notification for only ₹40.08 on an order worth ₹274, with no clear explanation provided. The Help Center does not allow me to raise my exact issue, and my WhatsApp query received only an automated response. Poor customer support and lack of transparency have made.",1.0,2026-06-23 07:41:55.000000,4.0.1
play_383984fc-3078-49c9-b78c-06a9e9f7ba00,Play Store,"I really like nykaa and want to support it by buying products from it . but why they don't give good offers like tira, Amazon etc . if coupon code exists it's only for few products and that too when you buy like 5k+ something. I have to buy some products from tira even if I don't want to because it gives good offers compared to nykaa.",2.0,2026-06-23 14:38:44.000000,4.0.1
play_fbae6e46-c7a1-4764-bec1-d817e8e5627c,Play Store,"Very disappointing experience. I placed my order on 24 July with a promised delivery date of 28 July. Even after contacting customer support repeatedly, I only received the same generic response. My order remained stuck at Packed and Ready to be Shipped for days. No clear dispatch or delivery date was provided. Very poor customer support and delivery service. Nykaa should improve its order handling and provide customers with proper updates",1.0,2026-08-08 08:02:03.000000,4.0.4
play_6682d05b-9f71-435b-a6fb-d715dd5abbaf,Play Store,"it is the worst shopping app , they daily scheduled my product delivery about four times and they daily call me asked me my address it's was so irritating , worst service i would ever seen on any app , now they are nor cancel the order or neither deliver product.",1.0,2026-08-05 18:50:31.000000,4.0.4
play_4a2af561-3359-4d45-b9ed-2cb39a68ebd2,Play Store,I had a very bad experience from Nykaa . The items were not getting delivered even after the item reached the nearest hub. Chased on the same for 2 days and there was no response from them. After the complaint was raised they were not even picking up the call.,1.0,2026-07-22 20:00:06.000000,4.0.3
play_2c4ef0a8-f6a5-4cbf-a0f0-e45dce2e42f1,Play Store,Earlier had rated 5 stars. I have not rec'd 2 out of 4 products in my shipment. the chat request in help has disappeared. the missing product report button defaults to return/replace. but I have no product to return or replace with. app is FULL of dark patterns in their UI/UX. they've stolen my ₹1500/-,1.0,2026-07-21 21:53:32.000000,4.0.3
play_55ac57a7-8e17-48af-b5a8-b447fdc41e2e,Play Store,"Deeply disappointed by Nykaa's misleading delivery timelines. I ordered on Friday, July 17th, with an explicit assurance of delivery today, Sunday, July 19th. The app still falsely claims it will arrive today, yet the order shows no courier partner or tracking ID, meaning it hasn't even left the warehouse. Displaying automated, unrealistic dates when physical fulfillment hasn't even started is highly unprofessional. Nykaa needs to fix this system and provide transparent updates.",3.0,2026-07-19 17:44:23.000000,4.0.3
play_7ba7a274-6891-426b-a9c2-6ee3c1e90b0d,Play Store,"Very disappointing experience. I ordered the UrbanYog MakeMeeBold 3-in-1 Styling Brush but received 4 boxes of Lakme Advanced Pigmentation Treatment instead. I also received a damaged House of Makeup Skin Tint. Despite sharing photos and evidence, my complaint was rejected, stating that the products were shipped correctly. Poor customer support and disappointing resolution process.",1.0,2026-07-01 19:23:59.000000,4.0.1
play_8e39ec70-cb60-47ef-8604-f6b3acf387e7,Play Store,veryyyyy bad 👎😐. poor delivery system. I haven't received my order and they are refunding my money too. only showing delivery details will be available and their help canter most useless thing if you to chat there they will repeat 🔁 same thing again and again instead of actually answering the query. the order was supposed to be delivered till 9th june today is 25th july no product no refund. wast of money 💸,1.0,2026-07-25 16:48:17.000000,4.0.3
play_8f5d0215-2e48-41bc-93af-34af24ec8e8a,Play Store,Pathetic delivery and customer support from Nykaa. My order was ordered on 26th July 2026 and the order had reached the destination hub on 27th July 2026. Everyday I kept getting a message that the order is delayed and will reach you tomorrow. Ultimately I requested for cancellation and the support lady kept repeating that the order cannot be cancelled until the delivery person is rejected at the doorstep and the products are returned to the warehouse. Waste of time and money.,1.0,2026-07-31 18:19:01.000000,4.0.3
play_c06ed1d9-46a6-4caa-ae2c-91dd2f405df6,Play Store,"I had ordered an item from Nykaa, but since I found it cheaper elsewhere, I cancelled the order. However, Nykaa deducted money; they didn't refund the full amount I had paid. It is a terrible app.",1.0,2026-08-26 23:59:13.000000,4.0.4
play_e76bdcd8-3acf-408c-8719-342db1ee015c,Play Store,Such a worst experience... i ordered two things which had same day delivery and the delivery date has keep change without my consent.. this is the third time my delivery keep changing for it almost 2 weeks late 😡,1.0,2026-08-21 19:39:39.000000,4.0.4
play_feb81f02-114f-4a55-9fc6-1cdffe861f11,Play Store,"Very disappointing experience. I ordered a Kay Beauty lipstick but received the wrong shade. Despite submitting all the required proofs, Nykaa kept rejecting my return request without any proper explanation. There was no meaningful response from the support team, which made the whole process extremely frustrating. I have switched to Tira after this experience because I found their customer support much more responsive. I won't be shopping on Nykaa again.",1.0,2026-07-30 15:20:18.000000,4.0.3
play_74b7d2db-fed3-4afd-be8f-2ed5084cb815,Play Store,"this is my 1st time using nykaa and it left me with questions regarding the service they provide. 2 of the products were showing delay in delivery, but now it hasn't been showing me any new update regarding the delivery. not even the possible delivery date.... I would like to take the refund. so please Nykaa kindly consider upgrading your system if there's anything wrong with the App service.",3.0,2026-08-05 21:41:16.000000,4.0.4
play_f9247bde-6030-478c-8fd2-305b9313f102,Play Store,"worst delivery services. I had delayed delivery for 5 separate orders in a row. The chat helpline is useless offering platitudes like ""we are sorry for the inconvenience"", ""we will take this up on priority basis"", ""it will be delivered to you as soon as possible"", etc. When I asked them for the exact date & time that it will be delivered they had no answer. I can't sit at home waiting for a parcel delivery. The latest order was out for delivery at 6.31 am and still didn't get it! Still not come.",1.0,2026-07-22 20:03:52.000000,4.0.3
play_888313ca-f06d-43a8-a458-439954728970,Play Store,"Nykaa has 100% authentic products and they constantly do sales... i love it! however, their customer service is not very good. one time I paid for a full size product and recieved a mini. i told them about it and they offered me a ₹200 coupon. when I tried to redeem it, it didn't work. said ""invalid"". so yeah, I'll keep using the app bc I trust Nykaa 100% but this something that's kinda tricky in my opinion",4.0,2026-07-05 08:48:17.000000,4.0.1
play_6d5bf3a6-bee5-496b-930f-05e3aa5c5612,Play Store,nykaa is froud my 8 products are missing they didn't give me refund or replacement of product I was trying to contact them since 1 month but they didn't response they are not accountable for their mistake even they blame me for it like they said from our side the package was delivered but but my products are missing now they give me refund of four product but my four product refunds or replace are still pending I don't know they are not replying my emails so I will never buy again from nykaa 😭,1.0,2026-08-30 15:09:13.000000,4.0.5
play_d69690b7-7179-4324-a64e-d0f64172adaf,Play Store,"Very disappointing experience with Nykaa. My order was never delivered because of the courier partner's fake delivery remarks, even though I was available. I kept contacting customer support, but all I received were repeated responses like ""Please wait"" and ""We have escalated your concern."" After making me wait for days, they finally said the product was damaged. This is completely unacceptable. Poor courier service, poor customer support, and no accountability....",1.0,2026-08-06 16:10:14.000000,4.0.4
play_c0d9f946-8f0c-4a54-84d5-e14ade7608ab,Play Store,Despite trying multiple times for delivery issues I didn't get a response and my parcel was returned to store. Post this not the entire amount has been paid back to me for UPI payment.,2.0,2026-08-24 09:50:54.000000,4.0.4
play_7da2d20c-ddeb-40db-8ff4-778ae773c6f7,Play Store,have been shopping on nykaa since 5 yrs. this time i had worst experience. since it showed as payment failed i ordered again and my money was deducted twice and i got 2 parcels. when i chat with a customer care they only asked me to send clear pictures of the products and thats why i opened the parcel and now they rejected my return request telling me that the parcel wasnt opened and not in original condition i need a call back frm u nykaa,1.0,2026-07-31 20:49:50.000000,4.0.3
play_45026da2-84a9-47ff-8d39-fb48f8bfa7f0,Play Store,Worst app I have ever use .. they provide me a damaged product I have requested for return it they didn't give my money back also didn't even came for pickup the product.. so worse there is no other option also to connect with them waste of money .. very disappointed 😞,1.0,2026-08-05 19:48:41.000000,4.0.4
play_fa20cf32-d069-4214-821b-69aacb9ba246,Play Store,"The products were never delivered, For my current order, I have been receiving continuous phone calls and messages asking me to reschedule the delivery. Whenever I try to contact customer support through chat, I receive only AI-generated responses instead of assistance from a human representative. This has made it impossible to resolve my issue. This is the second time I have faced the same problem with Nykaa. Because of your repeated delivery failures, I have suffered considerable inconvenienc",1.0,2026-07-19 22:31:03.000000,4.0.3
play_680595eb-5d37-4981-8600-cf91d41f2ed9,Play Store,"very poor, their product delivery commitment is very very poor. they don't follow committed deadlines however don't publish any details regarding customer helpline or any other contact details to know about our order. service is very cheap than other platforms.",1.0,2026-08-02 12:38:11.000000,4.0.3
play_0b367f0f-278a-4dec-badc-952264fd8006,Play Store,The delivery is keep on delaying. worst. after delay the delivered wrong product. even after informing this to support team thrice every time they say that it's not their fault. the worst experience in the very first order. i don't wanna give even one star,1.0,2026-08-02 16:54:03.000000,4.0.3
play_bbbeca46-b481-4e34-86d2-840736ff59c9,Play Store,"Extremely disappointing experience. My order was originally committed for delivery on 6 August, but the date was repeatedly postponed. Despite multiple follow-ups and escalation to the Grievance Officer, I was repeatedly assured of priority delivery. Finally, on 14 August, Nykaa admitted that they were unable to deliver and offered a refund. I needed the product for an important function and had to make last-minute arrangements. False delivery commitments and poor accountability.",1.0,2026-08-22 10:17:32.000000,4.0.4
play_c9f753c1-30ac-4d47-b6e6-2770d143a107,Play Store,WORST app and WORST ustomer service! i emailed them to update the phone number associated with my account since I have lost access to my old phone number. They literally asked me to delete my account and create a new one with a new phone number and email. Like what is this customer service? I will lose access to my orders list and favs! Customer service didn't even wanted to help! Pathetic! Zero stars!,1.0,2026-06-18 23:11:49.000000,4.0.1
play_530d1d5f-2cae-4477-ab1b-943fe11d80b8,Play Store,Ghatiya app you guys are frauds it's been 11 days since i placed my order but it is still not delivered to me and delivery person didn't even contacted me once although I've entered my alternate number very disgusting app worst experience i even cancelled my order & uninstalled the app👎😡💔my first order was delivered at expected delivery date it was delivered quite nicely but this time they extremely irritated me 👎so this is happening with me again for my latest order. Totally disappointed😞,1.0,2026-07-23 14:26:38.000000,4.0.3
play_d51d2a0d-3617-4dcc-a952-fbd47783b5b8,Play Store,"worst app don't you use it...I ordered a gift for someone and delivery delayed since 10 days and still not came showing 3 more days delay....even cannot cancel the order...I highly recommend use Amazon,flipkart or even messho but don't use this app please to all my brothers and sisters there",1.0,2026-08-19 21:13:36.000000,4.0.4
play_74d4155e-574e-4d37-ae4a-2483a1617394,Play Store,"Misleading ""Free Delivery"" & Unresponsive Customer Service As a Gold/Privilege member, I was charged extra for delivery despite being promised free shipping as a tier benefit. To make matters worse, customer service failed to answer my calls when I tried to resolve the issue. Misleading membership perks and zero support.",1.0,2026-08-07 20:29:30.000000,4.0.3
play_b6acf85a-511d-4a36-9cd7-828263f208a2,Play Store,"I am extremely disappointed with the delivery service. This is the third time my order has been marked as undelivered and returned to the warehouse, even though I was available to receive it. Today, I received a delivery call after 11:00 PM, which is an inappropriate time to attempt a delivery. Since customer support is not available at that hour, I had no way to immediately report the issue or seek assistance. It almost feels as though the delivery attempt was made at a time when I couldn't con",1.0,2026-06-28 23:51:54.000000,4.0.1
play_2fa58ab1-64c7-483c-8757-e22dc841b7d1,Play Store,"Very disappointing experience with Nykaa. My order is still not delivered even after the promised date, with no proper update from support. For a brand this big, the delivery and customer service is really poor.",1.0,2026-08-27 21:18:26.000000,4.0.4
play_6afcb18e-6ed9-41b8-8b6c-22eafea8d885,Play Store,"Product shades shown on website is not matching I have order dark shade but it is not dark in shade , it is clearly visible, very shameful and pathetic service , first they are sending unsealed product and when custome raised return they denyed and reason they are sharing we didn't receive opend product then why you bloody sending the unpacked /unsealed product to the customer #scammers, #fraud #nykaafraud #pathetic",1.0,2026-08-17 13:02:52.000000,4.0.4
play_803db160-8698-45da-8728-b1d4fdec87f2,Play Store,"I had the worst experience from nkyaa, i ordered two of the same body mist but when I received my parcel it had only one of the product, the box in which it came was just too small to fit two of the mist, i even made a video while opening the parcel but when i complained about issue at the customer care he we have triple checked your parcel before sending the package so its not possible that one of the item is missed i even sent them email regarding this but they did nothing, please contact me!!",1.0,2026-07-20 12:18:17.000000,4.0.3
play_c1aa5043-a59d-4114-855c-e18a1f776817,Play Store,"""I placed my order so many days ago, and it still hasn't been delivered. Every day it shows a delayed delivery and keeps pushing the date forward. Please look into this. This has been a very bad experience for me.""",1.0,2026-08-18 07:04:43.000000,4.0.4
play_fa1c1358-0ffd-4738-8de4-2b4d7d6f7980,Play Store,This app is getting worst i ordered products few days back recieved something else worth very less value i tried connecting to customer care they said they ll refund the very next day they are denying that the order is correctly dispatched this is so wrong nykaa s part plus there customer care is worst i have called them 7 times then they picked I said connect to your senior they said they are not available and would call back soon.i didn't receive any call then .pls don't shop from these,1.0,2026-07-24 14:21:18.000000,4.0.3
play_be4cbd77-033b-44ff-a25e-06bee94b2d3c,Play Store,"I had a good experience ordering products from nykaa until recently, the packaging of the products have become so poor . last few orders the packing was so bad that the product box would be damaged or the product itself is leaked hence so much of product is wasted . No doubt that the products from nykaa are amazing but please i request you to improve on packaging",3.0,2026-07-13 13:07:37.000000,4.0.3
play_0e3cb47a-c22d-4ce2-a55e-91e882dd7be9,Play Store,this is one of the worst app i ever use. i will never buy any product from this app. product will never deliver what the date they shown. costumer service is also very bad. they never give right information.,1.0,2026-08-30 04:41:37.000000,4.0.5
play_bfde459d-e3f9-498c-94dd-de8b1565e974,Play Store,I use this app every day to track my tasks. The interface is very clean and easy to use. Syncs fast across my devices. Highly recommend to anyone who wants to stay organized,5.0,2026-08-12 23:18:47.000000,4.0.4
play_e5d68435-e343-4eec-9bf8-983b2a5dfac7,Play Store,"This is by far the worst app I've ever used. My first order arrived damaged and leaking, so the delivery person took it back. I placed the order again, and it still hasn't been delivered. Extremely disappointing. you can do better than this nykaa",1.0,2026-07-29 18:37:05.000000,4.0.3
play_b30cf1d8-377e-4cff-b52f-6ccf0016596f,Play Store,"Nykaa on Hotpink sale rolled out an offer, Buy 1 Get 1, but it was click bait. the offer did not apply on cart. The quality has drastically decreased. even the customer care executive are bad. the offer was BOGO on all Nykaa products, as the offer said. but the customer care executive said that I had to add same product twice to avail the offer. that is extremely unhinged and stupid reply.!!!!!",1.0,2026-07-26 21:40:54.000000,4.0.3
play_ae961997-03a7-4393-9c33-ffd03571b521,Play Store,"The delivery was delayed by 2 days without any explanation or communication from Nykaa. If you're planning your purchase based on the promised delivery date, be prepared for potential delays and inconvenience. What was even more disappointing was the lack of an option to cancel the order, despite the delay being entirely on Nykaa's side. Overall, the delivery experience is frustrating and needs significant improvement.",1.0,2026-07-07 18:15:13.000000,4.0.2
play_011c5976-3c73-44a3-a588-ea74c4b4ddee,Play Store,"It has the worst return policy, I ordered a MARS foundation but the shade didn't match, so to avoid any confusion I placed the return request, but now they are refusing to accept it. This was my first order from nykaa, and it will be the last Guys if you're planning to buy from nykaa make sure that you don't have to return it, because they will scam or misguide you saying it doesn't meet the guidelines. Nykaa if you're reading this, PLEASE TAKE BACK THE FOUNDATION, AND GIVE THE REFUND!",1.0,2026-07-01 12:51:56.000000,4.0.1
play_37d794c3-6b24-447f-8cd5-b71ea4ae72fb,Play Store,"I have not received the refund for my cancelled prepaid Nykaa Beauty order. I worked with Nykaa in the BPO department lastyear and have always trusted Nykaa as botha former employee and a loyal customer. Due to an address issue, I cancelled the prepaid order immediately and placed the same order again, which was successfully delivered. I have still not received the refund for the cancelled order. Your team repeatedly claims that the refund isalready been processed, but the UPI does not belong me",1.0,2026-08-05 18:42:36.000000,4.0.4
play_234cd6ad-6c98-4ea4-b7ee-fef7c778926c,Play Store,"i had the worst experience on shopping in this app.. the order gets delayed and then ultimately they say it's cancelled due to some ""LoGIsTiC ISsuEs""..(i lost my coupons too)I wasted my time on it searching for products which never gets delivered to me.. please fix this issue nykaa",2.0,2026-07-24 13:50:20.000000,4.0.3
play_4a762e63-c538-4902-810c-8c32e281272a,Play Store,"Worst service experience I've ever had. I'm extremely disappointed. My order has still not been delivered, yet it has been marked as ""delivered."" This is completely unacceptable and feels like a deceptive practice. I expected much better service and would not recommend ordering from here.",1.0,2026-07-24 22:10:44.000000,4.0.3
play_4febe70a-2e76-46e5-a353-0d56c49f311e,Play Store,"Worst experience with Nykaa. I ordered 10 products from nykaa. All of them were in the same shipment. To my surprise, when I opened the box which clearly had written 10 items, actually had only 2 products within it. The box in the first place was doubtful as it was so small to ever contain 10 products. I tried complaining via calls emails & even reported the issue with National Consumer Helpline but they did nothing. Even now they'll tell me to email my issue & do nothing. PATHETIC CUSTOMER CARE",1.0,2026-07-17 18:29:47.000000,4.0.3
play_a0570f75-5d66-4354-a012-da763dd72ded,Play Store,"Please don't install this app. Atleast if you care about your money. they have partnered with the worst delivery services, the delivery guy will fake the delivery, say the customer was not at residence and then you keep following up and you won't receive your order. This has happened not once but twice. Please buy through other apps, not this one. Sharing this for your own good.",1.0,2026-07-01 11:29:22.000000,4.0.1
play_d1997e06-4ce9-4f45-a06e-f5f714e43c9b,Play Store,"My paid products are shipped and held at the Oshiwara hub since 22nd August. My email is not responded , my queries in their help centre is disappointing , no definite reply ,the customer care call is useless as they refused to let me speak to the higher authority , AI generated reply so nothing is assured or definite. It appears to be a big scam whereby the payment is made for the product and the shipment is held in their hub. So you cannot ask for a refund or cancel the same. BIG SCAM .",1.0,2026-08-26 17:04:20.000000,4.0.5
play_815fbc22-8c15-4dae-a4e3-22b1e7543219,Play Store,They mention easy returns on products but in reality they have the worst return policy compared to Flipkart/Amazon. They just simply reject the return request and say not in return policy even though the product is sealed. Please be aware before ordering.,1.0,2026-07-26 22:04:45.000000,4.0.3
play_de7c98dc-af85-4766-898b-73cc0d281648,Play Store,"Even though there is a wide variety of products available, the most annoying thing about nykaa is their delay in product delivery. on the day of expected delivery, they will notify you that the delivery will be delayed. You cannot trust nykaa when it comes to on-time delivery. I have experienced it plenty of times",2.0,2026-07-01 19:04:46.000000,4.0.1
play_2c5f3b6b-1c73-4dca-8f91-60e960d896e9,Play Store,worst experience with their inconsistent services. I got my order delayed for 24 days I tried reaching them through insta whatsapp gmail but no use i tried their customer service too but it showed incorrect for many times.,1.0,2026-08-28 18:53:25.000000,4.0.4
play_176fea41-b827-482a-8ee0-fa53f90e5c01,Play Store,it was bad experience with nyka. every one don't buy any product through this app. this is fraudulent. I ordered almost order of 200rs product but I received wrong product worth rs 250. I repeatedly contacted their support team only promised to return the product.after 20 days now they are sending massage that from our side we sent correct product and we cannot replace. they are really fraud. 😡😡🤬,1.0,2026-08-14 12:23:32.000000,4.0.3
play_2dc72fb6-ac9c-42d5-a2cb-106141211a20,Play Store,"Fake product delivery. None of the products delivered had a brand seal. Packaging seems like that of a used product. For all I know, all of these could be cheap copies sold for a few hundred on the streets of Delhi. The reason for ordering from Nykaa was trust and now that has also been shaken. Don't know what to do now.",1.0,2026-07-22 18:03:51.000000,4.0.3
play_071f78a0-bcb1-4d5f-98f3-cd6ba1ad6d47,Play Store,"Very disappointed with Nykaa's delivery service. After missing the delivery partner's calls once, I called back within minutes and was told he had already left the area. He also said another agent would deliver my order the next day. However, I received no further calls, was later told I could not be contacted, and my order was returned to the warehouse. Customer support only suggested placing a new order, causing me to lose my birthday gift. As a Privé Platinum member, I expected better service",1.0,2026-06-15 17:04:17.000000,4.0.0
play_ac0900d8-d5c8-48c6-8cc6-085c58ef2c22,Play Store,"Never order anything from this app , there service is a disaster they didn't even respond to calls or msg , i had placed a order from this app and they cancelled my order from there end , and they didn't refunded my yet . it's been 20 days of cancelling my order but they never respond to my calls or msg . in the name of customer support they have AI which is totally useless .",1.0,2026-08-06 21:44:29.000000,4.0.3
play_da223f03-9980-40ce-9f33-d167b473f21d,Play Store,"once I've gotten a damaged product delivered initiated return pickup no one came or called, second time wanted to return an item spoke to umpteen number of support people but no one given a solution, nykaa is doing scam by not taking customer's return request, terribly frustrated.",1.0,2026-08-19 10:55:44.000000,4.0.4
play_40e384ca-b012-410e-a64e-4c0e425f20e9,Play Store,I used to like this app previously but recently it's been super disappointing. my order was delayed by ten days and later i found out the items were literally damaged and they didn't even inform me. they cancelled the order at the last moment.,1.0,2026-07-01 21:00:02.000000,4.0.1
play_adcc301f-c4ef-4281-8fa6-47dad2235cd9,Play Store,"Extremely Poor Customer Service – Very Disappointed with Nykaa I was supposed to receive my order 4 days ago, and I am still waiting with no proper update or resolution. I have contacted Nykaa customer care multiple times through chat and email to request an update to my contact number, but there has been no proper action taken. Every time I contact customer care, I am simply told to wait another 24–48 hours. It has already been 3 days of hearing the same response.",1.0,2026-07-28 12:46:01.000000,4.0.3
play_1a98cd25-9a2b-460c-97c6-983eaae70900,Play Store,"Man love the nykaa there delivery is super fast and very efficient man i live in a hilly area where usually orders arrive a bit late even flipkart , Amazon are no match for nykaa i order my things and they arrive the next day or one day later that's pretty crazy for me .😘",5.0,2026-08-17 13:07:16.000000,4.0.4
play_0c619354-7e53-4883-954d-f6cbf9bc4389,Play Store,"Good diacounts but extremely delayed deliveries.They keep sending messages of progressive delays,impossible to cancel or reach customer service since all are bot operated.and this review us not from one time experience .No timeline is ever offered so never irdering again",3.0,2026-08-22 08:43:55.000000,4.0.4
play_0b5844b1-8680-493a-8d9f-036ce6a64ace,Play Store,"Very disappointing experience with Nykaa. I placed my order on 20th July and paid via UPI at the time of delivery. The payment was deducted, but since it didn’t reflect in their system, the delivery executive took the package back. It has been over a week now. I have shared the transaction ID and payment proof, but still have neither received my order nor a refund. Every call ends with the same response — “wait 72 hours.” How many more 72 hours? Extremely frustrating customer service and no owne",1.0,2026-07-29 10:49:02.000000,4.0.3
play_eb34e61e-e696-4bd8-b325-72599262da3d,Play Store,"Extremely disappointed with Nykaa's service! I placed my order on August 5th with an expected delivery date of August 7th. It's been days past the delivery date, and all I get from customer support is ""it will be delivered today or tomorrow."" Still no sign of my parcel. Very poor delivery management and unreliable service. Completely unhappy!",1.0,2026-08-11 21:02:22.000000,4.0.4
play_8df9f66f-f49a-4b61-88bd-4ff74ff22183,Play Store,if there would be a option of giving 0 star I would tend to go for it. This app is a fraud refund are not initiated immediately they will kept saying rubbish if you prepaid the order it will be a loss of money forever cause they will nnever gave refund do not. guy from this app guys bewaree!!! I am facing a issue regards money neither I get my order nor money,1.0,2026-08-16 10:57:41.000000,4.0.4
play_9a146a95-fcbc-4976-bd0a-44ff85ddb0e5,Play Store,"Date: 31/07/2026 I have never had a worse experience than this app. I placed my order on *23rd July* and was told it would be delivered by *27th July*. Then they delayed it to *30th July*, and now again to *2nd August*. I ordered this urgently, but the service is extremely poor and unreliable. There is zero accountability and no proper updates. This kind of delay is completely unacceptable. Please either deliver my order immediately or cancel it and refund me.",2.0,2026-07-31 08:50:46.000000,4.0.3
play_7f28d725-a0bf-44da-8ca6-b346e8d55743,Play Store,"it is my 2nd order,not showing any update after 10 june, have connected with team they are like ,we assure you blah blah blah for the past 5days ,I have already paid for that ,now my money is gone and have not received the product too,well done nayka, I don't think I am gonna order further from this app ,have to rate 1 because don't have zero option",1.0,2026-06-15 10:48:47.000000,4.0.0
play_8275580e-e5c8-4961-9a35-ef55b02a4536,Play Store,"I had placed an order more than a week ago and it was still not delivered, it was a poor experience, I chatted with them for help, asked them to deliver it as fast as possible and they aren't even doing anything about it",1.0,2026-08-21 22:33:26.000000,4.0.4
play_da60d24a-19af-4ee8-ba4d-67743a0dc250,Play Store,"Your service and customer care is very poor.. Especially when people want to make a return, they have to face a lot of difficulties.. If you are thinking of returning then do not use this app.",1.0,2026-08-07 13:03:37.000000,4.0.3
play_ed89983d-9c5e-4565-909a-17ccecaea1fa,Play Store,"Very poor delivery experience with Nykaa. My order was promised for delivery on time, but it kept getting delayed. I was repeatedly told it would arrive that day, yet it didn't. After waiting for two extra days, I finally received my order . This delay was very disappointing. Please improve your delivery commitments and provide accurate delivery updates.",3.0,2026-07-04 22:17:07.000000,4.0.1
play_25dc114e-c75b-401e-8876-83d210023d6d,Play Store,"Worst ecommerce platform ever. Really bad experience. Delivery is too delayed and no customer support . edit: even after reaching out to the given email, no resolve",1.0,2026-08-29 09:42:10.000000,4.0.4
play_97e99436-6d22-4c9e-84a4-131f9687d0ee,Play Store,"My order has been marked delivered on the app, but i have not received my products nor the delivery partner called me for the otp. i used to trust nykaa a lot but now it seems to be dangerous for prepaid orders where you buy a lot of expensive items.",1.0,2026-06-16 16:13:19.000000,4.0.1
play_bd0bd092-4c94-4a0f-b3fc-8c42179d4e26,Play Store,"worst experience shopping in Nykaa, I have ordered 3 nightsuits n i received two of them now I want to return them because of poor quality but in my order section I cnt see any order details. the section is empty very bad experience n the helping box is totally useless",1.0,2026-08-13 15:13:42.000000,4.0.4
play_4ba33455-1b96-42ea-a334-647e322bb51e,Play Store,"I am not getting the product tracking properly and showing delivery delayed. After waiting so long, directly getting message as delivery failed and refund is initiated. I am not happy as it happens with me 2 times with same product. I will not buy anything from Nayka.",1.0,2026-06-16 12:25:08.000000,4.0.0
play_f0065506-ebc2-4872-94c3-320b06a5b0a1,Play Store,"one of the worst app I have come across,the customer support is at it's worst, after multiple times contacting them for order related query there is no proper response, their customer executive is on another level when I'm telling the problem they are giving solution of coupon of 100rupees , please accept it what kind of ridiculous answer is that.",1.0,2026-07-24 17:01:46.000000,4.0.3
play_2ced61eb-4b56-4167-88f2-38e90cfe106b,Play Store,"Nykaa's products are good, but their delivery service is very poor. Especially their Blue Dart delivery partner—I had a really bad experience. If it were possible, I would have given them a negative rating. The entire delivery process was extremely disappointing",1.0,2026-08-06 19:57:46.000000,4.0.4
play_8a2374e3-bd93-42e6-a58b-4177632a57ed,Play Store,"it's taking weeks to get products delivered, showing wrong dates and even past delivery date, need to wait 3-4 days more. very disappointed with nykaa nowadays. it was superb before like within 2-3 days orders were getting delivered, don't know what's changed recently",1.0,2026-06-10 15:58:28.000000,4.0.0
play_16757c15-9daa-4ca8-9973-7894b4a61462,Play Store,i kept on requesting for return but always they rejected it.... while having received wrong tone shades and my products are unsed too.... very disappointed from nyka and sugar products....,1.0,2026-08-30 16:48:14.000000,4.0.5
play_17e91875-d008-4a15-ab2f-3eb629122ea2,Play Store,worst shopping app ever.. I just got my parcel and and the toner was literally empty.. and the serum bottle was half empty.. and before it my order got rejected for like 2-3 times.... its so disappointing.... and the service center called me and told me that if you cancel your order.. like bro what.. I didn’t.. it was you who were rejecting my orders.. I am very disappointed by this app and I will never ever order from this app ever again.. for my entire life..,1.0,2026-07-09 13:20:25.000000,4.0.0
play_41c7b782-b56e-4f5b-b5e8-2b0791de8564,Play Store,"I am disappointed with my experience using the Nykaa app. The delivery service is often delayed, and customer support is not very helpful when issues arise. Sometimes the products received do not match the description or expectations, and the return/refund process can be slow and frustrating. The app has a good variety of products, but the overall shopping experience needs improvement. I hope Nykaa works on better customer service, faster deliveries, and stricter quality checks to provide a more",1.0,2026-07-01 16:52:12.000000,4.0.1
play_d8398c99-571f-47ff-b8d8-d768c9b74567,Play Store,"I don,t what is the error but when there is an maybe sale going on and the product of for example 300 and it is reduced to 269 then while ordering they show the 300 price so yh overall it was. a good experience",2.0,2026-07-18 06:16:11.000000,4.0.3
play_bb60cca6-f640-48b5-bd09-e3fe5611217e,Play Store,recently deliveries are getting worse..sending products to warehouse back without delivering and won't even call..just text messages filled with apologies.. disappointed to the core...sadly editing my review an year later and the disappointment continuous..it says out for delivery and then not delivered...so this time surely gonna switch to other apps...if possible wouldn't have given any star,1.0,2026-07-02 14:52:25.000000,4.0.1
play_ad9c9ef2-c1d6-4bda-be59-c08083ea403e,Play Store,"If I had the option to give no stars then I would have......the app's saying that they weren't able to find our address(though our address is one of the easiest addresses ever ). Thank God we didn't pay beforehand . If anyone's gonna download or will try it out for the first time then....""Do it at your own risk"" .",1.0,2026-06-20 22:34:12.000000,4.0.1
play_b95189b2-5dcd-49f8-a822-e48343bffb44,Play Store,"Worst customer support. Our perfume order was promised by 8 July but was delivered on 11 July, after my birthday on 10 July. We had to buy the same perfume from a local store, so the Nykaa order was no longer needed. The product is completely unopened with the seal intact, yet they refused the return despite the product page stating it is returnable within 15 days of delivery. Misleading return policy and no accountability for their delayed delivery. Very disappointed. Scamers",1.0,2026-07-13 22:13:32.000000,4.0.3
play_844962fd-fb26-42e6-b587-a3be83871bb8,Play Store,These app is a scam from the last 1 month they are just trying to give the refund but no resolution has been getting yet their courier partner is cancelling my product again and again without calling me or texting me and mentioning the fake reason that I am not available beware of buying from nayka the service is the worst i recommend everyone to prefer amazon flipkart is the best.,1.0,2026-06-23 15:51:14.000000,4.0.1
play_992846b2-525f-4de4-ab86-e0f21d907bd0,Play Store,"I had a really bad experience with delivery of my order. After waiting for 12 days for my order, the customer help desk told me to cancel my order as she could only give me 50% chance that I could receive my order so she told me to decide whether I want to wait or want a refund. this happened when I ordered on sale. Had never happened when I buy on full price",1.0,2026-07-31 09:55:26.000000,4.0.3
play_89d05430-0968-4212-87e6-5b6ce6cda9ce,Play Store,"Absolutely terrible experience. My order could not be delivered due to an issue between Nykaa and its courier partner, yet the only solution offered was to place a fresh order. I specifically waited for the sale to place an order worth ₹25,000. If I wanted to buy at regular prices, I wouldn't have waited. No accountability, no effort to honor the original order, and only generic responses. Poor service, poor resolution, and a complete disregard for customer experience.",1.0,2026-06-14 14:32:48.000000,4.0.0
play_caafdb7b-845a-484b-ae31-d042bfdccb9a,Play Store,I have place my order on 18th of July and it was showing on app that it will be delivered by 22 July and then it was showing that it will be delivered by 23 rd of July and now it is showing that it will be delivered by 27 july and one of the item is not even shipped and when I called to the customer support they are saying that we can't do anything and the item which is not shipped is out of stock please cancel that item. worst app,1.0,2026-07-23 20:55:16.000000,4.0.3
play_31fb270d-1a6f-476a-ad77-bceb2c2ad553,Play Store,"I have ordered a agaro hair dryer worth 1200, it delivered on 26/07/26 but it was a wrong product, I immediately contacted coustomer support via mail and phone number they responded the issue will be resolved within 48 hours but today 05/08/26 the issue is not resolved and they are not talking any action. This is harassment,I have mailed them with proofs picture and video but they declined without any reason Shittest app and shittest service ever, never ordering from them and never recommending",1.0,2026-08-05 13:21:37.000000,4.0.3
play_8fee9977-0b8b-4732-8ba0-344030b57fa7,Play Store,Everything is good except delivering orders. my previous experiences r not good with nyka just for delivery issues. smtimes they cancel the orders on their own after the waiting of so many days. hoping the best fr next time.,3.0,2026-08-05 14:11:36.000000,4.0.3
play_ae4d286c-597e-4607-ae17-2c5e54eff256,Play Store,"I have very disappointing experience with Nykaa. This was my first time ordering beauty products from the app, and it has been extremely frustrating. My order has been delayed for 7 days, and there have been no updates on the order status in the app. I contacted the customer support team repeatedly for 3-4 days. They only kept raising complaints but did not provide any resolution or useful updates pov have already contacted the support team 12 times so stop putting support gmail instead take act",1.0,2026-07-25 00:17:53.000000,4.0.3
play_46ee4c31-8bff-46d7-b35f-b27b93a97825,Play Store,"I dont understand whats going on.. my order was delayed like thrice.. I ordered for my birthday and its not delivered yet. once or twice delay is accepted but not every single time. other apps are giving delivery in minutes and 2 or 3 hours while your app takes 10+ days for platinum users, great. not gonna shop again after such an experience",1.0,2026-07-23 13:50:35.000000,4.0.3
play_157d64d4-36b3-4763-8838-7fd6b4550ed6,Play Store,I ordered my purchase on 9 th august. They confirmed delivery on 14 th august 2026. But now it's 22 nd august and the product is still not reached. I already paid cash and still waiting. I am highly disappointed with their service. I only recommend cash on delivery.,1.0,2026-08-22 20:20:47.000000,4.0.4
play_6f868023-d055-4dd4-bab4-6e9d84db09fa,Play Store,The delivery service is too bad. they change my product delivery 3-4 times and you cannot cancel the order after being to shipping.,1.0,2026-08-28 11:17:20.000000,4.0.5
play_39385a2c-28ec-4e20-89ad-6670f21eb575,Play Store,I was scammed by this app my ordered item was missing during delivery when I complain about the courier service shadowfax they told me it is common and when I contacted nykka customer service they told me it was not their concern. Very Very Bad experience. 😡😡😡😡😡,1.0,2026-07-13 12:09:11.000000,4.0.3
play_968d80f8-1fbb-429c-8f82-1fe842bca972,Play Store,This is a very bad app. I placed my order 2 weeks ago and it has not arrived yet. There is a delay every day. Customer care people do not pick up my calls and the delivery person's phone is switched off. This is a very bad app. No one should use it.,1.0,2026-07-28 15:12:03.000000,4.0.3
play_23652add-389a-4a4d-b23f-cbfe64c895c1,Play Store,"I am extremely disappointed with my experience with Nykaa. I placed my order during the Pink Sale and received around ₹800 in discounts. Without making a single delivery attempt or calling me even once, my order was falsely marked as ""Delivery agent couldn't reach you after multiple attempts."" This is completely untrue. When I contacted customer support, instead of resolving my issue, the executive was rude, dismissive, and kept insisting that the fault was mine. No proof of the alleged delivery",1.0,2026-07-24 11:35:54.000000,4.0.3
play_9101344a-55c3-49c0-a4e1-64f3a7331090,Play Store,"I had the worst experience with this shopping app. I ordered a lipstick and received it on the same day, but the product delivered was completely different from what was shown in the product images while placing the order. I immediately raised a return request because the item did not match the advertised product, but my request was rejected. I even contacted customer support through chat, explained the issue, and shared my concerns, but they still denied my return request.Worst experience .",1.0,2026-06-04 16:01:38.000000,3.9.9
play_23025ac8-3025-4a57-8c01-c400c9e01f59,Play Store,very bad experience with the nykaa app very slow delivery very frustrated with this nykka app next i won't order anything in this inspite of discount they are offering THEY WON'T DO DELIVERY ON THE DATE THEY ARE SAYING IN THE APP. for sure I can say dam sure i can write ✍️ in paper and give,1.0,2026-07-29 12:34:59.000000,4.0.3
play_36396e14-d5c5-4f09-9a97-152dfd87a554,Play Store,"worst experience, first I ordered my product that was cancelled without any update and my money was refunded after 1 month. Today I ordered 2 products and cancelled it within an hour but it's non cancellabe and when I tried to contact the help centre and chat with them it was so disturbing because they were not giving the correct answer which I have been asking them instead they keep asking me to repeat the same process again and again. WHAT ABOUT MY MONEY REFUND???",1.0,2026-06-25 21:38:38.000000,4.0.1
play_2d7ff2b2-a373-4fa8-bdca-83f0e2ac1488,Play Store,"THIS is a worst app. It is a Fraud App I paid for advance but they delayed & delayed my order. Customer service also very very bad. I never use this app Again. Their all good reviews are absolutly paid. I request to refund my money, but still they delayed and not refund my money.",1.0,2026-08-20 12:20:41.000000,4.0.4
play_26629afd-4e4f-40cc-885b-9ad51eec1ba8,Play Store,no product get correct after and send useful products and missing product send images told dispatch is correct but didn't give product only take money don't order on this app after that don't give the refund rejected our request so please guys suggest don't order any product an this application,1.0,2026-08-11 15:07:26.000000,4.0.4
play_fa2e3f52-3c92-4092-8b90-90841f099323,Play Store,"WORST! MONEY STUCK! order on 5 Aug promised by 10 Aug. Despite repeated followups, thr is no response. The delivery partner falsely marked me as “unreachable” and claimed an address issue, both false. I even tried contacting the delivery person, with no response. After 7 days, Nykaa cancelled the order and returned it to the warehouse. I paid ₹1261 bt they WILL refund only ₹1025. Y shd I bear 236 for your delivery failure? FULL REFUND PENDING. NO MONEY RECEIVED. already emailed you 100 times",1.0,2026-08-20 02:13:57.000000,4.0.4
play_2c69a62e-d2cd-4e8f-81b8-989bcedff793,Play Store,I had a very bad experience with nyka fashion I have ordered things which was delivered on time but I received one product in not so good condition which I want to return but no accountability at all from past 20 days They just make excuses unnecessarily . not good return policy,1.0,2026-08-14 12:45:31.000000,4.0.4
play_46b6f296-f048-4db4-b4e9-4cd2c27d1d82,Play Store,worst experience ever to shop with this aap...i order a single item twice but there was no delivery of the product either just no. of msg..i would never like to order anything again with this aap,2.0,2026-08-08 19:53:25.000000,4.0.4
play_c53bc098-4cc9-4da5-ba37-700afcfcf002,Play Store,"Worst experience ever. They initially show that the order will be delivered within 2 hours, only to delay it later with one excuse after another. It’s extremely frustrating and misleading. The customer support representatives are equally disappointing. They seem poorly trained and mostly repeat scripted apologies without actually resolving the issue. If timely delivery and reliable customer support matter to you, don’t fall for their delivery promises. A very disappointing experience Nyka..",1.0,2026-08-15 21:30:58.000000,4.0.4
play_af059368-c876-401f-8896-f11e85e3652e,Play Store,your only ready to show off gifts for big order but your team didn't deliver that ... aap delivery nhi krte gifts ki agar payment zayada ho very bad totally disappointed for this ...and i hope many more agree with this ...before download this app think about it,2.0,2026-08-26 07:35:25.000000,4.0.4
play_8c1df3a6-2dbc-4a67-9f1a-e74e7d05a137,Play Store,some products are priced too high ... especially skin foundation shades description incomplete... please allow mobile screen testing tools... its very helpful for choosing perfect skin shade..,4.0,2026-08-15 15:34:39.000000,4.0.4
play_f38698aa-54f8-410b-895c-f6efbfdc0e73,Play Store,"The product is good and or may be very good, but the delivery partner’s behavior was very poor, which caused me a lot of problems am honestly very frustrated with this experience and may stop ordering from Nykaa if no action is taken.I just want to say that I was genuinely very hurt and upset by this experience. I was so emotionally affected that I was almost in tears. If no action is taken regarding this issue, then I’m sorry, but I will never order anything from Nykaa again.👎👎👎👎👎👎👎👎👎",1.0,2026-08-28 01:14:03.000000,4.0.5
play_62bb88e5-a0fb-47e0-a44a-0b152a257bf6,Play Store,"“Really happy with the Mamonde product. The quality is good, it feels gentle on the skin, and I loved the overall experience. The packaging is also beautiful. Definitely worth trying!”",5.0,2026-08-26 14:31:21.000000,4.0.4
play_33e37167-e756-4678-8fd8-0ba52a390ce3,Play Store,"the products seem to be genuine and of good quality shopping from nykaa. I don't know if it's just my mind playing trick😅 but till now,i hv no complaints about the delivery and tracking management.",5.0,2026-08-11 15:23:06.000000,4.0.4
play_3e18c483-b58f-4bae-becd-8bff5014e5ec,Play Store,very worst bad and terrible they are doing fraud with customer I purchase a product from 10 days before and paid but till now they didn't delivered my product even I file complain on there help centre they Don't look out for your concerns.,1.0,2026-08-21 22:47:56.000000,4.0.4
play_bc609017-b00c-4bd7-babf-a2512e908466,Play Store,"They sell duplicate product, product prices way higher than MRP. Get checked the original price below the paper sticker it's always way less.",1.0,2026-08-27 16:26:09.000000,4.0.4
play_9aa79283-f1da-4825-a8cc-bf2e7a457997,Play Store,My experience was very bad I never got my product i could not even cancel my product. I ordered just one lip tint which was supposed to come on 23 aug but it never came .🫥,1.0,2026-08-30 11:30:49.000000,4.0.5
play_1dee9c61-e7a7-4209-9dab-4a1d9ed8009e,Play Store,"Very poor service. Delivery was delayed, the delivery partner didn’t answer calls, and customer support was of no help. Extremely frustrating experience. Not expected from Nykaa.",1.0,2026-08-12 18:54:47.000000,4.0.4
play_7502c5dc-b81c-4078-ae18-c6139c12652b,Play Store,"even meesho services are much better than Nykaa,They don't deliver orders on time and if you want the customized date n time they deny you at the same time, i placed an order and it was showing to deliver after 4 days but they even do not delivered my order by passing 8 days , I'm totally disappointed with nykaa",1.0,2026-08-20 20:17:08.000000,4.0.4
play_9383cd29-9aa7-42e8-9a58-99ba91064209,Play Store,I'm the platinum member and still not once but multiple times i have faced problem regarding my order delivery and refund and the worst part about Nykaa is they have the worst customer service if they are treating there platinum member like this idk how they're treating their new customer,1.0,2026-08-14 13:23:06.000000,4.0.4
play_e10e13d9-67e9-4e04-b292-c0014ab1dc13,Play Store,nyka is the worst brand I've used till today.. they will not return or exchange ur product..do not provide any solution..and waste your time until you get tired and stop complaining... highly disappointed..not going to use it in future ever..worst app,1.0,2026-08-20 09:06:21.000000,4.0.4
play_7326b60e-f1bb-43df-885e-21df1bada028,Play Store,"worst experience ever. super super pathetic service. its been 11 days and still no update on my order. their team is useless with no proper answer. highly recommended NOT TO USE NYKAA. its compulsory to give 1 star, or else I would have given in minus.",1.0,2026-08-21 13:32:05.000000,4.0.4
play_3a2e2025-d0a7-445b-9894-218e076a56b5,Play Store,Never shop product from this app as you will not get your product.Poor delivery services and customer care and also you will not able to cancel.For 1 month it will take just to cancel order and you will not able to get your order.,1.0,2026-08-10 09:07:28.000000,4.0.4
play_1f465bae-68dc-4e6d-ae5e-c1c99dd5dda4,Play Store,"customer service is soo bad and disturbing does not solve any issue at all and the delivery date is getting changed again and again I am so disappointed, did not expect this from nykaa.",1.0,2026-08-17 19:17:53.000000,4.0.4
play_ff2ecb98-89e8-42cc-9da5-6ab9c80eaf6a,Play Store,there's so much glitch in app please repair the technical issue while paying in app I almost wasted 70 mins as the order n payment was getting declined for no reason in nykaa now,1.0,2026-08-27 14:52:13.000000,4.0.5
play_1c0f4b7f-739b-49af-acdf-c1d7a7acd4c3,Play Store,"bad service,2nd time it happens with me I ordered 3 items and received only 2, and not getting any service from nykaa, my order was paid. No one is responding and helping at customer desk ...poor pls retern my money",1.0,2026-08-27 00:55:42.000000,4.0.4
play_faa074ca-2e20-4e54-be01-c250ce78f816,Play Store,"Ordered a ₹2,500 Yankee Candle from Nykaa, which arrived damaged due to extremely poor packaging—it came in a plastic bag with inadequate protection. It has now been 8 days, and I'm still waiting for the exchange to be approved and picked up. The experience with Shadowfax has been equally frustrating, with no meaningful support from Nykaa to resolve this. For an expensive product, I expected much better packaging, logistics and custome",1.0,2026-08-24 18:21:42.000000,4.0.4
play_79ee807e-34ca-4b0f-aa23-1389c79a964a,Play Store,I'm writing this review after buying skin and haircare products from nykaa for last 1 year..products are original and delivery is always on time...so it's a 10/10 for me,5.0,2026-08-09 20:54:00.000000,4.0.4
play_711eb97d-42b4-4b3d-99be-54aa5d5581ba,Play Store,"I was told to get a buy 1 get 1 free but didn't receive it even after i complainted in the customer care,they didn't address my issues it not just about how I didn't get 1 free but about how lenient the customer service was",1.0,2026-08-16 19:38:24.000000,4.0.4
play_84c93a51-1f04-4267-897c-9fea25aa082c,Play Store,"I am unable to track my order. Today is the delivery date but there is no update about my order. Further, i am unable to contact with customer care.Very bad experience.",1.0,2026-08-22 16:48:30.000000,4.0.4
play_a54af2fd-e5ce-4586-86b9-47fb93b00fc0,Play Store,Company's courier partner are fraud. Delivering damaged kids product without screening during shipment.Scheduling pickup and then rescheduling from there side and stating unable to reach customer.Same process going on since 10 days.Still waiting for the pickup of filthy products that too of kids.We can't trust Nykaa for kids products at all.Customer care representatives only assuring that pick up will be done and they will arrange urgent pick up etc.Totally disappointed with Nykaa,1.0,2026-08-23 14:18:46.000000,4.0.4
play_360b9305-f48b-48e8-ad47-3588789275b0,Play Store,"Nykaa is a fraud, they let me pay first and now it's already more than 2 weeks, my order is still not delivering yet. No customer service to talk and raise a complaint. Never ever do prepaid, they will not deliver your order.",1.0,2026-08-29 10:23:39.000000,4.0.5
play_a8007ec4-c41c-4f6c-b228-ba348a7b53a9,Play Store,"I haven't received the order placed on July 18th, even after a month. Despite requesting a refund multiple times, I still haven't received it.",2.0,2026-08-18 09:29:20.000000,4.0.4
play_a9949950-e673-481d-8832-f67792b2807d,Play Store,worst customer service support they did not provide the same or correct information each and every one share different different information also my one of order has been cancelled also I did not get my refund. they just say refund done from our side... if you use .. don't pay online.go with COD,1.0,2026-08-25 19:54:08.000000,4.0.5
play_4f77f822-04a3-4973-9740-2adc7ca4e170,Play Store,"Even after complaining so many times, still u can't order in time,, and taking more a week delay!. Then what's the use of wasting my time on these ai chatbots & what the purpose of priority🤡?",1.0,2026-08-30 16:53:21.000000,4.0.4
play_8721455f-a1bc-465f-b86a-e3326eb7adc0,Play Store,I have ordered lakme lipstick and nailpolish from this site but the product quality is worst and no positive response from customer service don't buy any product from nyka store better go for myntra,1.0,2026-08-27 17:16:17.000000,4.0.4
play_48a7fdea-4e1f-4a33-9ee5-770e5a1a64a9,Play Store,"worst experience ever, it was my 1st order. Delivery agent was supposed to deliver it today and he told me he forgot to pick up the parcel. told me to mark as delivered or cancel the order",1.0,2026-08-17 14:52:17.000000,4.0.4
play_ce240e08-e662-43a7-b576-958ba0c70659,Play Store,Nyka is a fraud .I bought a serum and I face allergic reaction after using it .i contacted the team and they told me to send the photo of my face on their email id .I sent it on 15th August 2026 .I am writing this on 22 August 2026 ..there is no response from the team .they disabled the calling option .disgusting . i mailed you again after you sent me an email but I did not receive any response.it is already past 5days ..totally ridiculous,1.0,2026-08-29 13:11:16.000000,4.0.4
play_dde3b736-96dd-49bf-bd8d-2ba39436e1f6,Play Store,The app is good had almost every kind of products the price is also good but sometimes can be a little costly but the products are based on quality... Effective product had amazing offers...Overall a good deal...,4.0,2026-07-29 18:01:09.000000,4.0.3
play_1e349ed4-3ade-4e4f-a1ca-45a0e359f8e1,Play Store,A very bad delivery experience it was my first order and firstly he delayed and secondly he didn't come another day because he reached the wrong place and my order got cancelled,1.0,2026-08-19 20:40:30.000000,4.0.4
play_78c0ce65-b5be-4138-9c4e-59fb85c5a28b,Play Store,very bad experince i faced from nyka and their delivery agent. the agent was refused the delivery at door step and now he returned the product. i tried to contact both nyka and sgadofax the delivery agent also registerd complaint and sended so many mails regarding this but i didn't get any response. this was so uncomfortable and inconvininient behaviour. frist time i ever faced this.,1.0,2026-08-10 07:53:40.000000,4.0.4
play_3a42214d-f460-4285-b58b-6d0ad557c171,Play Store,Now nykaa app has become very bad and does not provide good customer service. My order has gone to nykaa and wearhouse. But it has been 3 days and they are not refunding my money. Very bad customer care service. They are not replying to the message and are they not giving my money back? I will never pay in advance when ordering again.,1.0,2026-07-13 11:42:33.000000,4.0.2
play_582ba89c-7442-4110-a101-fe86ef3bde31,Play Store,okay okay. Some products don't come properly closed. Also though offers are seen in other UPI payments but when it comes to payment suddenly NPCI ban comes in. This makes us lose trust.,3.0,2026-08-10 00:44:30.000000,4.0.4
play_48404036-1c87-42b0-8f98-6d58f43af992,Play Store,"I placed my order , these people pushed the delivery date by God knows how many times and in the end they said that the delivery failed cuz multiple attempts were made for the delivery but i failed to respond",1.0,2026-08-15 17:13:32.000000,4.0.4
play_b509b54f-bc6b-4871-80e3-c279254e1166,Play Store,"Nykaa is best online shopping, i personally love the app, it's convenient, easy to use, gives discounts. very nice and amazing app",5.0,2026-08-15 14:07:22.000000,4.0.4
play_034ca9d9-becd-4977-b2e9-4d1ce0dcfb71,Play Store,my experience of nykaa service not satisfactory because I ordered a foundation that not match my shade when I return to take another shade they deny to return to say why you open it . even I don't used this product only tested shade.. worse experience from nykaa i never shopping in future this app....,1.0,2026-08-12 13:31:07.000000,4.0.4
play_5abd994a-724f-4b0b-8390-492be0db818d,Play Store,"very bad.I am extremely disappointed with your service. My order status has not been updated, and I have contacted customer support for the past 3 days. Every time, I receive the same generic response, but no actual update or resolution.so I'm unable to return my product.",1.0,2026-07-07 17:15:17.000000,4.0.2
play_a749d2bf-3f36-4f19-84b1-f1fc7dde0ebe,Play Store,one of the worst app .. delivery update is too late ...my 1st experience in this app is last .... product not delivered... even update not seen,1.0,2026-08-30 23:09:45.000000,4.0.5
play_8edf7cac-46de-49e1-8087-2162d6adedcc,Play Store,"total scam, fake offers, inflated prices of worst kind I have seen, never buy from this app, doesn't matter the discount you'll end of losing money, not to mention included gifts doesn't get delivered most of the time. fake as F",1.0,2026-07-18 14:23:05.000000,4.0.3
play_5b17249d-a965-4fa1-8dce-055e617a6234,Play Store,A month ago I ordered few things but my delivery date was delayed okay but 3 days ago I ordered some few more things but it was about to come yesterday but didn't come making the delivery unsuccessful by saying I didn't picked up the call even though he didn't called me even once neither came at my address and then I was told it will come today but again it delayed even though I contacted so many nykaa customer service workers but still didn't valued my order. Very bad experience hated it.,1.0,2026-07-02 18:30:39.000000,4.0.1
play_6a4ebac3-b38f-4c5f-814f-91649067661b,Play Store,"I am very disappointed with the delivery service. I placed my order on 7 June, and the promised delivery date was 9 June. Since then, I have been receiving daily messages saying, ""Sorry for the delay, your order will be delivered tomorrow."" It has been several days, but I still have not received my order. This is a very bad customer experience. Please deliver my order as soon as possible or provide a proper update.",1.0,2026-06-11 17:47:21.000000,4.0.0
play_a5548495-28cf-41ed-8c28-f01989f6200f,Play Store,"never buy from this app at all , whenever there is an offer they don't deliver the product at all they make u wait for weeks , then suddenly cancel the order without informing, worst app better but from offline store or purple that offers next day delivery than this app",1.0,2026-07-14 16:56:53.000000,4.0.2
play_09465349-608b-4ca9-9f7a-813d053ba4c3,Play Store,"dear friends don't do any order through nyka app they all cheating the customer and taking too much delay for delivery timing and they are not give exact delivery so be careful iam very very worst experience......... my humble request friends don't buy any product at nyka ..because they are telling fake delivery date ...and nobody not proper responding... I was ordered june 27 ,delivery date 2nd July but they are still delivering the product very worst.",1.0,2026-08-16 15:43:03.000000,4.0.2
play_ad977422-0d1c-4891-8ab6-9a6b10b7cc09,Play Store,"worst service I'm facing by nykaa, now a days the parcel gets 15-20 days delayed without any update. And now I ordered 6 products and I received only 3 products in the box and the delivery status of all 6 products showed delivered. I complained regarding the same then 2 3 times they said they will do the refund or replacement but now they are denying to give refund or replacement saying the items were dispatched by them",1.0,2026-07-01 14:44:13.000000,4.0.1
play_516d4c90-4052-462e-a8d8-bb47e283246f,Play Store,This is the worst beauty shopping app you'll ever come across with I literally ordered a set of perfume on 13th June and it showed the estimated delivery date 16th June but after that it kept on delaying and finally when I received my order on 22nd June I received a basket that too poorly manufactured and when I contacted the customer service they kept on beating around the bush for like 5 days and finally said sorry the product dispatched correctly from our end and we cannot do anything BUT 💸,1.0,2026-06-24 19:21:08.000000,4.0.1
play_2ede685e-8901-4742-98e3-38c94c0eec77,Play Store,"Disappointing delivery experience!** > I placed an order on the 15th, and it was scheduled to be delivered by the 18th. However, they keep changing the delivery date day by day without any proper updates. Very poor logistics management. Please fix this delive, already I raised refund process but not anny update. today is25 Date still my payment is not received",1.0,2026-06-25 12:39:22.000000,4.0.1
play_ef3f808a-ec14-4a36-928d-a5875236b9af,Play Store,l am a customer since 2020 if l am not wrong the delivery is top notch a day earlier than the predicted delivery date products are awesome but what's not up to the mark is the platforms customer care where its almost impossible to get to talk to an executive when needed. Its such a big platform but the customer service disheartens always there's a need to transform or reform this very issue,2.0,2026-08-10 10:27:58.000000,4.0.4
play_a75ddf05-3e74-40c5-8943-0b64eb514e3b,Play Store,"I had ordered 4 products, 3 should have been delivered by 2hours and 1 by Sunday. I still didn't receive any of the products yet, please do the needful.",1.0,2026-08-14 22:52:03.000000,4.0.4
play_502c7dc5-fcfb-4884-a56d-99b0748405c9,Play Store,"I am not ready to give even one star. It is the worst app I have ever used. I ordered two items and they said it would be delivered on June 15th, but then they changed the date daily. I still haven't received my order. It's a very useless app. They have no contact number and the tracking is also not correct.",1.0,2026-06-18 17:04:15.000000,4.0.0
play_cce12a0b-5a43-4686-8cf9-4ef4831d4ac6,Play Store,they are sending duplicate products and expired products. there is no way to connect with them. their help centers are robots who are replying to both calls and chat. they are completely scamming....all of u be careful while ordering and check ur items are genuine and with correct expiry date....total scammers,1.0,2026-07-30 23:16:12.000000,4.0.3
play_87983ab1-8663-42dc-8a72-5f65d0e3c370,Play Store,"they didn't deliver my order and also didn't refund my money It's been 20 days now that they didn't refund, don't pick calls and didn't reply on mail. they are fake 😤",1.0,2026-08-28 23:02:38.000000,4.0.5
play_fecea57b-4afa-4144-8149-c098b12acb33,Play Store,Worst experience with this app. I have ordered an item 1 week ago and the product is not delivered yet. Each and every time the delivery day is changing day by day. It was my frst order from this app that too delay.,1.0,2026-06-12 22:05:54.000000,4.0.0
play_40f6f618-c945-43b4-b46c-bf0473a70c9c,Play Store,"I am not satisfied with nykaa my first order was cancelled without any info and call , they gave an offer first and the order was placed then they cancelled it by themselves it's a scam",2.0,2026-08-11 17:40:07.000000,4.0.4
play_272cd60c-f447-4240-8cab-36e4976d5bad,Play Store,"I am very disappointed with my experience. I placed a prepaid order, but the courier repeatedly marked the delivery as ""Customer not available"" without calling or contacting me. Despite raising complaints with both XpressBees and Nykaa, my issue remains unresolved. I even emailed Nykaa, but I did not receive any response. Customers expect better support, especially for prepaid orders. I hope Nykaa improves its customer service and ensures its courier partners make genuine delivery attempts.",1.0,2026-07-18 22:15:24.000000,4.0.3
play_3f6499ed-836e-4c3c-8a32-64d7b7054991,Play Store,Guys please don't trust nykaa. It's a request they are faking by giving manipulative coupons. first they make us trust and then they won't make us to feel trusted. Worst behaviour of them make me so betrayed. Don't buy any product. uninstall the apps. They are giving hot pink sale coupons only to insta advertisers and not to independent artist. Such a cheap cheap cheap app. Who only use coupons for advertisement and not for peoples who genuinely trust nykaa,1.0,2026-07-26 11:55:15.000000,4.0.2
play_d77336d1-bee8-42a9-9195-912d847c1e57,Play Store,I have ordered kay lipstick the color was different so l returned it. They picked up on 17th July and till date I have not received the refund. whenever I am complaining through help desk l am getting AI generated message so my problem is still existing and not got any solution to it,1.0,2026-08-01 13:44:45.000000,4.0.3
play_77997fda-f539-438b-902d-31af6e36b0f6,Play Store,i've very bad experience from my first order such a schame i've never thought this would happen to me...worst worst ever even the customer service dn't know how to solve my querry after schaming with their product regret for choosing this app..what a shameless they called it as a big company and scaming someone money and acting like nothing had happened😡,1.0,2026-08-26 12:06:17.000000,4.0.4
play_b3ece027-447d-4375-a9e6-0698ab88308a,Play Store,on my first order from nykaa I ordered almost 10 products prices 4040 when I received tha package 5 products were missing and the delivery person was paid the full amount its been 4 days I have been trying to get a refund or a replacement but they aren't refunding or replacing my order now my products are also missing and my money is not refunded too this was my first and last order from nykaa I am never shopping on this app ever again,1.0,2026-06-23 14:05:18.000000,4.0.1
play_f3b8c6db-9d58-4eab-b63d-5516acbea9b7,Play Store,"Earlier Nykaa used to deliver my products within 4-5 days.The same issue is occurring again, I ordered something on 19 July 2026 and still I didn't receive my order .Why is it happening to me again and again? please send my parcel 📦 as soon as possible.",3.0,2026-08-02 14:32:57.000000,4.0.3
play_8a5bc468-14de-4fab-80fc-a6db5514b942,Play Store,"I would like to share a suggestion regarding the wishlist feature in Nykaa. Currently, all saved products appear in a single list, which makes it difficult to quickly find specific items, especially when users save products across different categories like makeup, skincare, or haircare. I suggest introducing a system that allows users to organize their wishlist into customizable folders or categories. This would enable users to group items based on their preferences. thanks🍀✨",5.0,2026-06-20 13:10:42.000000,4.0.1
play_51954f4a-c3c2-48fe-bc23-a3bba6604992,Play Store,"Nykaa is one of the worst apps I have ever seen in my life. I placed an order, but they keep extending the delivery date. It has been more than 15 days, and I cannot even cancel the order because they are not allowing me to do so.""",1.0,2026-07-23 21:52:58.000000,4.0.3
play_f1985665-f330-4849-afe6-6443b0c51b0a,Play Store,worst experience ever... there are many options for shopping but when I buy my first order on 31 July after watching delivery date will be on 2 nd August because I want to gift someone on 4 August but my delivery get delay.. and Nyka play sport spoil on my surprise,1.0,2026-08-03 22:35:38.000000,4.0.3
play_2b18eb11-4707-40a9-936f-5ebaf1b67e69,Play Store,"""This is a great app, and all the products are of excellent quality. I can confidently say it's the best app among all similar apps. The delivery service is very good, and returns, replacements, and refunds are processed quickly and smoothly. The customer service is also helpful and reliable. Thank you so much, Nykaa!""",5.0,2026-06-12 17:52:08.000000,4.0.0
play_4f919586-e41c-4c6d-85c6-38861494ce63,Play Store,"worst delivery service, take too much time to deliver the product , bad response from nykka's team, they never care about their customers.. i pre paid for my order still don't get it , I never recommend this bad application.",1.0,2026-08-04 22:38:47.000000,4.0.3
play_f7c2ee75-2b7f-4ffb-9f33-493dd7ead945,Play Store,"I can't imagine an App like Nykaa can be so bad. They have taken my money but did not sent my orders. Not even showing anything in the app. There is no option that I can raise concern about my order. I have logged a complain 3 days back, but still they are not responding anything. Worst app I have ever used.",1.0,2026-07-02 17:31:01.000000,4.0.1
play_d3e03e30-5821-44c4-b022-6933a69c927f,Play Store,Third class service from the nykaa app.. not a proper customer service provided to platinum members..if you try to connect with them they will put you in hold for 30 mins or more than that after the IVR call .... I have placed an order of the 18th of July till now no follow up form nykaa app they are not capable of handling any platinum customer.... very disappointed,1.0,2026-08-03 20:39:51.000000,4.0.4
play_6b2f170f-5d1b-4c27-996b-cabea4f42f48,Play Store,products are good. but i am facing problem with returning and replacement. worst customer care. everyone said it will be resolved within 2 days. i tried message conversation and alo called the customer service. nothing resolved my issue. not gonna buy anything from now on. amazon is better easy returns and replacement.,1.0,2026-07-07 19:09:16.000000,4.0.2
play_3a52a77b-d94f-4fd1-9a2b-bf156a11a64b,Play Store,"I ordered a sunscreen lotion on this app on the 26th, and the promised delivery date was the 27th. It is well past that date now, and I still haven't received my order. This is absolutely ridiculous and totally unprofessional. If you guys cannot deliver products on time, stop making fake promises to customers. Your delivery system is a joke and the customer support is useless. This is hands down the worst shopping experience. I am completely frustrated with your terrible service. Fix your system",1.0,2026-07-01 16:59:52.000000,4.0.1
play_ab3b020f-5ba4-440a-be44-ba61d732ebae,Play Store,Very bad experience I have in this app for refund process. other apps gives same day refund. But this company telling that they will only refund when they get the refunded product at their warehouse. Till then my money is held in company's account.. what the hell..,1.0,2026-06-16 21:16:38.000000,4.0.1
play_35984cfe-2045-47fc-9dc4-c65b2ed26dde,Play Store,"2/07/2026 in this date i ordered 2 item from nykaa .it showed 8th it will arrive..ok..then delayed 9th..,10th..,11th.. i patiently waited for long... seriously if it was too much delayed also we can't cancel order.then why are u delaying this much.. sorry to say but it's a really bad impression and experience from nykaa because it's my first purchase from this site and really regretting now because of this. and i really don't know when it will arrive now it's became 10 days already.. seriously😬",1.0,2026-07-11 21:41:53.000000,4.0.1
play_7ee52bd2-4ed3-48b4-b7b5-31619cdfbffd,Play Store,"This app is really disappointing. After placing an order, I received a different product, and now my return request is not being accepted. This is a disgusting and terrible app. It feels completely fake and unreliable.",1.0,2026-08-26 21:56:57.000000,4.0.4
play_56ff0221-9217-423a-9e7c-9bd840b5789f,Play Store,"Hi Nykaa team, I want to share my feedback about the new app layout. Honestly, I found the new design quite confusing and inconvenient compared to the previous version. The old product page was much better because we could easily swipe through product photos, check details, ingredients, reviews, and other information smoothly. In the new layout, finding product information feels difficult and the shopping experience is not as comfortable as before. The cart layout also feels less user-friendly.",1.0,2026-06-27 19:54:11.000000,4.0.1
play_db39e14d-220b-4053-8ec0-0cec9a6e4d6c,Play Store,"Worst delivery experience i got from nykaa now with Blitz Courier. Every single day they keep saying “your parcel will be delivered today,” but nothing actually happens. No calls, no updates, and when I try contacting the delivery partner, the phone is always switched off. Extremely irresponsible and unprofessional service. Would never recommend. and even nykaa team can not provide resolution they also we will deliver promptly, quickly , early and do not know what these words mean..""FRUSTRATED""",1.0,2026-06-20 09:53:22.000000,4.0.0
play_7e8bdfe1-8796-46f4-a598-f7c879dd6973,Play Store,"The delivery time is excessively long. I placed my order on 13 July, and today is 30 July, but I still have not received it. This delay is very disappointing and has caused significant inconvenience.",1.0,2026-07-30 12:33:24.000000,4.0.3
play_85232581-1f08-4208-9a65-598c5356f0f0,Play Store,"I had a terrible experience with Nykaa during their 'Hot Pink Sale' after ordering products ₹2,100.Everything arrived damaged,crushed and with broken seals.The delivery person refused to take the package back and visiting an offline store was useless since they took no responsibility for online orders.Customer care was unresponsive unreachable after 10 PM and provided only false assurances without any refund or replacement.Regardless of attractive sale discounts, I will never order from Nykaa.",1.0,2026-08-15 21:23:17.000000,4.0.2
play_2e7a70c7-94c6-47f5-91d6-42afb207ccda,Play Store,"I am a prive member, still my 2 orders are not delivered till yet, showing just delayed.. no one ever attempted delivery, & they say I was not available to take delivery. No way to complain other than here..the chat box or call us facilities are totally bogus. So I delete my previous feedback, which was also same like it, then writing this new one. hope they hear me now, due to fear of bad publicity.",1.0,2026-06-23 17:25:32.000000,4.0.1
play_b6d4c976-c75c-46c5-b471-73e8424b5261,Play Store,"Such a headache and disappointment at every phase with the support and delivery 1. they fail to deliver for almost 10 attempts without any issue from customers end 2. support proceeds to cancel on their own 3. the most saddening part is at refund stage where they say refund will be initiated when the return is done. how can I do that when your own delivery partner is at fault. so you want your money to be safe while putting customer's at risk. 4. support gives standard ans, EACH AND EVERY TIME",1.0,2026-08-01 12:37:01.000000,4.0.3
play_851d6694-454d-40b1-b5ec-c138ec0191a1,Play Store,"Extremely Poor Delivery Service-Fake Status Updates!Initially,this app was great,bt recently the delivry srvice has bcm pathetic. My parcels r constantly delayed or canceled bcz the delivery riders upload fake status updates. Thy mark the order as ""Delivery Unsuccessful"" or claim I am unavailable without evr calling or visiting my house. Even customer support gets wrong information frm the courier partners. As a Platinum Member, this is completely unacceptable. Fix & stop the riders from lying.",1.0,2026-07-10 20:45:15.000000,4.0.2
play_d8cf8829-76d2-4924-befc-ec3b43742e5e,Play Store,"I absolutely love the products here! The quality is always great, and my orders are delivered on time. This has become my go-to shopping app for makeup and overall body care because they offer such amazing products and great discounts. Highly recommend!",5.0,2026-07-23 23:37:57.000000,4.0.3
play_90b6e9e8-5171-488d-916b-2531a9e6afde,Play Store,"I am unable to cancel the courier through this app. Because The courier partner's behavior is unprofessional; they do not deliver properly and fail to make contact. Overall, it has been a terrible experience.",1.0,2026-07-26 17:59:12.000000,4.0.3
play_976f1443-9cc7-480c-bfe8-3f4809a564bb,Play Store,"App maybe designed good but having so much ""delays"" in delivery is bad serving and how no one picks up when you call to complaint plus how you have an ai/pre text chat suggestions bot so I can't even properly explain my issue to a employee, get better nykaa, believe me it was my first order and I am disappointed as hell.Never ever ordering after this perfume shows up (because i can't cancel it anymore).Thank you for your servicing",2.0,2026-07-25 21:57:03.000000,4.0.3
play_340a564b-2ef1-47b0-ac2f-154f57b0356f,Play Store,Best app ever. I'm so glad I have this reliable platform to buy skincare from. And the Nykaa Hot Pink Sales have saved me so much money. I don't know about apps like Tira but I'm very happy with Nykaa. This is a platform I can use knowing that the products I receive are authentic and trustworthy.,5.0,2026-07-16 00:42:56.000000,4.0.3
play_3dfbb605-3aee-46ab-bd33-f30f0496757e,Play Store,"Products are good, app is fine but their delivery 👎👎👎 They are not updating the tracking and is delayed without notification, no cancel option or not even a proper way to seek help. Then I had to contact delivery agent and address the issue to get updates.",1.0,2026-06-11 10:36:27.000000,4.0.0
play_8efcd8df-f1f7-415e-91bd-ccb625b75127,Play Store,they play cheap tactics. first they offer you a complementary product but they don't send you the free product and cancel it due to logistics issues.,1.0,2026-08-01 15:36:40.000000,4.0.3
play_b556e883-4cfa-4e37-8975-aaf8e848d024,Play Store,App is good would get the product fast but the service is bad. Not doing what customer is saying.,1.0,2026-08-18 17:21:29.000000,4.0.4
play_5e98bce4-651d-492b-9aed-b3d9a906de76,Play Store,well i have order something through recomendation and hoping for the best and rest of the review i will give u after receiving my parcel. although i.have used many apps but i feel extemely happy when i see a discount so it was a great experience,5.0,2026-07-10 15:45:45.000000,4.0.2
play_6c00d12b-03e0-4bdc-b864-0a51d8982727,Play Store,"don't order any product in nykaa they once ordered they change without informing delivery date and we cancelled the product also they don't refund in informed time , after again we asked they told one more reason product need to shippment to warehouse then we check and refund,we don't receive product then y ,we need to time for their slow delivery and shipment time ,money also will be lock",1.0,2026-08-25 17:22:32.000000,4.0.4
play_5785e7f9-bd60-4203-a133-33c4d96449a5,Play Store,worst ever app.. all false promises and repeated failed deliveries. highly disappointed. worst experience.. after repeated mails to the particular nykaa support mail also..I get ni reply whatsoever.. when I call the customer care people they tell me to cancel the order.. Thank you guys for your incredible support.. Worst app ever.. I recommend everyone not to buy..,1.0,2026-07-24 18:35:09.000000,4.0.3
play_756d6d5b-5937-4b59-87c5-64a754c0692f,Play Store,"The worst!! Customer Service: 0/10 Delivery: Always delayed Their customer service number doesn't work. They copy paste everything for your concerns in ""chats"". After 3 days of the original delivery date I still don't know where my order is. They don't value customers. Worst Experience",1.0,2026-07-21 17:01:15.000000,4.0.3
play_e9d64752-fc02-43a7-a823-acd0250840df,Play Store,If you have blue dart delivery system then please make sure we can call them back if we have missed the delivery we have to wait for them again and they won't even be available they'll be calling and saying coming tomorrow coming now this that but it's literally no where not acceptable at all ridiculous we have to suffer here waiting for your calls !!!!,1.0,2026-08-01 19:36:24.000000,4.0.2
play_30f4d169-9628-4423-b464-37e23ccd2ba6,Play Store,This app is worst app...Their service is very much worst..Please guyzz dont purchase any item from nyka..They are very much rude and not supportive staff..We have waited more than a month for our delivery..They don't receive our call also and if they received call talk in rude language..Please banned this app and never ever purchase any product from this app..Very irritating and frustrating service they provide..😡😡😡,1.0,2026-07-22 11:44:29.000000,4.0.0
play_7dda90d0-a181-46db-9733-857a83f1fd96,Play Store,"Ordered a serum worth 2.5k. It is stuck for 4 days at the warehouse in this heat, I have requested cancellation and still nykaa is not complying. They're not delivering it and not cancelling it either. Tf am I supposed to do? I had better customer service from Amazon for a product worth 300 INR. Btw, I am a Prive customer. Customer service is most likely outsourced to the cheapest 3rd party they could find. If it's an expensive product, better buy it from somewhere else.",1.0,2026-06-19 15:19:53.000000,4.0.1
play_abf91885-06c0-43b5-b7fe-6d3496aa0b09,Play Store,"Very bad experience with Nykaa.. I ordered items worth 6k. I waited 10 days for delivery, when I contacted customer service they are not giving proper reply. I called them, still no answer and they hung up. I didn't get my refund. VERY VERY BAD EXPERIENCE.",1.0,2026-06-21 16:52:26.000000,4.0.1
play_add67a8b-8550-470b-9be1-48e28f5bbd8c,Play Store,"My order has been getting delayed every day through the app. Even after calling daily, my order is not being taken seriously. It keeps getting delayed every single day, and I receive an inconvenience message daily. However, I have not received any call from the delivery partner. They are marking the delivery as unsuccessful even before attempting it. I am not satisfied with this service at all. #nykaa",1.0,2026-06-08 14:06:40.000000,3.9.9
play_4ba110d4-ddda-4b8e-97af-5927bab35528,Play Store,Very disappointing and worst service!! after confirming order not supplying the goods and cancelling order by themselves and then after no initiating refund after too many followups yet they are raising concern by mail but no resolution is coming.,1.0,2026-08-08 14:50:33.000000,4.0.4
play_f054733d-0f6c-44ef-b14f-5b480bb94cba,Play Store,"Utterly disappointed. I ordered few products during hot pink sale on 26th of July. my first shipment which was on 30th of july wasnt able to be delivered due to rain. later I received my 2nd shipment and 3rd shipment. but I am yet to receive my 1st shipment. Without making any delivery attempt, The delivery agent falsely updates it as the customer is unavailable. I mailed at nykaa still no response. scheduled delivery again still no updates. it is updated as unscessfull delivery. pathetic nykaa",1.0,2026-08-04 08:02:00.000000,4.0.3
play_29ff0d72-6a1a-4827-9e8b-052ff12ed746,Play Store,"Iam incredibly frustrated with Nykaa.I placed an order more than 10 days ago, and the delivery date just keeps getting delayed with absolutely no explanation. What makes it worse is their customer care—I have been trying to contact them for days, but it is impossible to get any actual help.I chose Nykaa because I trusted them for high-quality, authentic products, but this experience has been a massive headache.I really hope they resolve this issue soon and stop treating their customers this way",1.0,2026-06-29 17:09:55.000000,4.0.1
play_7f3efc25-884c-40dc-b5f4-a4b23675f3a5,Play Store,"Nykaa is one of the best beauty and skincare shopping apps in India. The app is easy to use, offers a huge variety of genuine products, and frequently provides discounts and offers. I love that I can find skincare, makeup, haircare, and wellness products all in one place. Delivery is usually fast, and product reviews help me make better purchasing decisions. Overall, it's a convenient and reliable app for beauty shopping.",5.0,2026-06-06 23:47:52.000000,3.9.9
play_888c3312-ce4c-46f9-955a-13b62fbe8b10,Play Store,"very disappointing experience with nykaa . I ordered dot and key green tea toner and received different toner , when I raised return request , my request was rejected without any reason . I shared all the information during return request even product was also sealed . so Don't believe in its easy return policy , you will get tired if some mishap occur to product .",1.0,2026-06-09 22:47:56.000000,3.9.9
play_dec46ade-d9f9-430f-b248-c1205b43e761,Play Store,"worst shopping experience.I placed an order expecting timely delivery, but the delivery date keeps getting postponed. There has been no proper update or resolution from the company. This has been frustrating and a waste of time. Please improve your service.Customer support provides no clear information. I have waited much longer than promised. The app keeps giving false hope by changing the delivery schedule. Customers deserve honest updates and reliable service.I regret ordering from this app.",1.0,2026-06-16 00:20:05.000000,4.0.0
play_676cb9bf-1eef-42f2-9019-7de5f9d382c1,Play Store,"Extremely disappointed with Nykaa. I waited 20 days for my order, but the delivery partner marked four fake delivery attempts without contacting me. After cancellation, I reordered as advised by customer support, but the same issue occurred again. The products became more expensive, and customer support provided false information and unfulfilled promises. Very poor service",1.0,2026-06-04 01:16:16.000000,3.9.9
play_297e8695-3f0a-486a-bbff-9d863f1811d3,Play Store,"Absolutely in love with Nykaa! It is my ultimate go-to destination for all things beauty and skincare. The product variety is massive, ranging from luxury international brands to affordable daily essentials. Everything I have ordered so far has been 100% authentic and packaged beautifully to prevent any damage. Their delivery is incredibly fast, and the app interface makes shopping so smooth and seamless. I also love the frequent discounts, reward points, and helpful reviews that make choosing.✨",5.0,2026-06-09 17:07:26.000000,3.9.8
play_c7bb3c23-f03f-4056-aabb-6f4667d68bfd,Play Store,The delevery service is very inefficient. i have ordered a moisturizer 3 weeks ago and the delivery date date was changed 4 times and still not received the product. since the order is shipped i cannot cancel it. don't waste your time waiting for the delivery there are a lot of other good shopping apps out there.,1.0,2026-06-28 20:19:45.000000,3.9.9
play_b2e4169d-e978-4356-903c-9960a34c992a,Play Store,"Extremely disappointing first experience with Nykaa. My order was marked as “failed delivery” on the scheduled date without any call or attempt to reach me. I rescheduled, but even on the new date no one contacted me and the product was not delivered. Poor service, misleading tracking updates, and zero communication, I’m left frustrated and worried about losing my money.",1.0,2026-06-08 10:59:00.000000,3.9.9
play_36e92468-2b1c-4021-9275-d1e63ee3a48a,Play Store,"You have frustrated me in the beginning itself. I do not understand this when Nykaa is such a big brand but there is no option to change the email ID in it. And if you create another account with the same number, the account is not being created. 😡😡",1.0,2026-07-06 13:00:24.000000,4.0.2
play_72e922e9-87bd-4c8c-ba52-dd893fd69782,Play Store,"Worst shopping experience ever. I lost ₹10,000 because Nykaa's return policy and complaint system are extremely restrictive. The app offers only a handful of return options, such as expired, damaged, broken, or missing products. If your issue falls outside these categories, there is no suitable way to report it or seek a resolution. Customers should be very careful before making expensive purchases, as getting support for genuine issues can be frustrating and ineffective. Highly disappointed...",1.0,2026-06-06 12:43:43.000000,3.9.9
play_02c25f1a-4ff7-4e5d-9a43-8cf53f992f4e,Play Store,"worst experience, worst customer care, they won't even connect the call, and they would provide orders to the worst logistics and they wouldn't deliver the order , and would keep cancelling the order from logistics instead of delivering the order. going off nykaa forever .. worst worst worst experience",1.0,2026-08-05 20:27:54.000000,4.0.3
play_e8fc5852-6011-43d6-b21d-cf7cac4ef9b8,Play Store,"I have been shopping on Nykaa for the last 6 years. In 2026, I placed 3 orders and all were delayed due to ""unavoidable reasons,"" mainly rain. My current order was due on 22 June but is still not delivered on 26 June. The app shows it has reached Ludhiana, and there has been no rain for the past few days. Repeated delays and lack of updates are disappointing. Please provide a clear update on my order. Being prive platinum member I wasn't expecting this kind of work. Highly disappointed this year",1.0,2026-06-25 10:56:04.000000,3.9.8
play_7ef12722-f8be-4b67-9d09-ea0362a05e80,Play Store,"App is good no doubt, but the delivery partner they are choosing are not good at all.. they don't come to my pincode.. I mean shadow fax, very bad. I have to go far from my pincode then only I can collect, if I have to go out of home then what is the meaning of online purchasing?",4.0,2026-07-24 10:42:33.000000,4.0.3
play_3d0ed8dd-eda4-4956-90e4-a0c9d09da031,Play Store,the customer care service is the worst service I've ever seen they don't even deliver the correct product and whenever try to return the product the request rejected saying I've used this product totally trash behaviour of customer care and trash app fr don't install it if u want to then don't order anything,1.0,2026-07-27 19:00:12.000000,4.0.3
play_aae29aa3-195c-4178-8d18-7d3e6f5fa871,Play Store,"what really impressed me was their 2-hour delivery service. One day, I had an urgent event in the evening and desperately needed a makeup product. I checked other apps, but none could deliver it the same day. Then I found that Nykaa could deliver it in just 2 hours! I was so happy when my order arrived on time. The best part was that there were no extra charges or delivery fee's it was life saver Thank You Nykaa.. 🤍",5.0,2026-07-07 16:46:04.000000,4.0.2
play_99479543-4656-4df1-8a45-10cb47b43618,Play Store,"Parcel is not deliver on the given date and I don't want to order any other product from nykaa. I hate nykaa. Biggest mistake of mine that I trust on nykaa and order something from here. I order one product from nykaa last week but now my product wasn't reached from me. Flipkart, Amazon, Myntra and Meesho are best they deliver their products on time.",1.0,2026-06-30 16:29:02.000000,4.0.1
play_4e764605-e5b0-4c02-828f-acc5f7c0fe96,Play Store,"Very bad customer service.I had a issue regarding an order they took 6 days just to say we will solve the problem and yet I received no response or solution, I tried to contact and use their chat option but received no response from them . They have a very poor service for customer",1.0,2026-06-14 11:46:25.000000,4.0.0
play_7b9c3db9-b0c8-4c74-bc8a-9c4055ed9ef3,Play Store,"I am a Gold Prive member soon to become a Platinum member. placed order on 23rd july. Delivery is Delayed. Nykaa person said- ""it might not get delivered"". EKART is worst at delivery agency. there is no active efforts and resolution from Nykaa. I am thinking to switch to other beauty apps. feeling frustrated. Update- 9.8.2026 EKART didn't deliver product yesterday. NYKAA agent-Ashish- gave me two inactive numbers of EKART. and said order has been ""misrouted"". NYKAA doesn't need loyal customers.",1.0,2026-08-09 17:45:25.000000,4.0.4
play_785b71ea-ba40-429a-adc1-9f55f2f6b1aa,Play Store,"Very poor experience. They promise delivery within 60 minutes, but the order gets cancelled every time.",1.0,2026-08-20 13:09:20.000000,4.0.4
play_161ca2e5-9f92-4a5c-b221-7bee6ec58c01,Play Store,"For the first time I ordered and my package was supposed to reach on the 6th, it delayed to 8 and on the 9th I have my flight, now it's saying it will each on 10 and I can't even cancel. I could order on another app but nykaa said it'll reach a specific date. what's the point of putting up the expected date if it's not going to give me the products??not one day, but it's twice delayed. Me and my friends are very very disappointed. For a first time user. It's a nono .",1.0,2026-06-08 18:42:24.000000,3.9.9
play_dfd49369-1ebc-40f1-8e35-12c3a0c9b8ff,Play Store,they payment systems do not work at all. I can't check out on the website so I downloaded the app. I tried paying on the app but it has some issues with upi nor can I pay with card. useless app.,1.0,2026-07-23 17:46:13.000000,4.0.3
play_deed18b0-7e77-49e1-92d8-f11c1c229967,Play Store,"Nykaa Team, I am extremely disappointed with the delivery experience on your platform. One of my orders has been pending for over three days, and another item that was scheduled for delivery today has not even shown an out for delivery notification. This repeated delay and lack of communication is unacceptable and has made my overall experience with Nykaa increasingly frustrating. If such issues persist, I will be compelled to switch to other platforms and advise others to avoid using Nykaa due",1.0,2026-06-14 15:51:00.000000,4.0.0
play_f4cfbd04-f1cb-405b-9a62-febd6fc0307d,Play Store,I have gone through a very bad experience recently regarding the delivery of some of products from Nykka.The delivery has delayed for 9- 10 days without any certain update from the site.I am very disappointed with the service cause I haven't gotten the product till today. So I have to share my experience.,1.0,2026-06-12 21:36:29.000000,4.0.0
play_a16b31ef-514b-4228-8a8d-82245eb13ecb,Play Store,"worst Customer support I ordered a few products half of the products are marked as delivered though I did not receive any call . the customer care is not helping ,asking me to check with family members or relatives . I mean seriously, without checking do you think we will reach out to your nonsense team",1.0,2026-07-25 22:49:11.000000,4.0.3
play_7cd24bd6-a61c-47e5-8083-fb672de15fa0,Play Store,worst app they dont return the product i have mistakenly ordered a shampoo need to return it with the oil they cancelled my request second time. wont use this faltu app again cost 1000 of rs and service 3rd grade,1.0,2026-08-22 16:37:44.000000,4.0.3
play_5f3d1f25-1564-4aed-846e-ac978df31376,Play Store,offers on cards is like full filling the screen only as rare to use or never applicable. so don't waste time on it.,2.0,2026-08-11 01:05:26.000000,4.0.3
play_09326d77-ec6c-46b4-bd8c-b7ea54a28e02,Play Store,"I faced a very harrassing situation, a Complimentary gift was free with my order but I didn't recieve it and when I tried to connect with the customer support they don't even respond properly",1.0,2026-08-26 15:13:13.000000,4.0.4
play_d476d4f0-a9bc-4cd8-b8c9-ddaa13e4af08,Play Store,Overall the app is good but it should have an option of time slot. It would be easier to collect the parcel.,2.0,2026-08-24 11:43:41.000000,4.0.4
play_5e4ef8fa-2338-4216-8096-0ee9d018c11c,Play Store,"I have never experienced such bad customer support, Nykaa you need to look into your back end and front end team, My order was cancelled twice because of the failure of your Service provider so do better",1.0,2026-08-19 01:51:19.000000,4.0.3
play_25755a0b-35c8-4447-b71f-8e3130d8871f,Play Store,Hi I like your app. I wanted to see products I have ordered previously. Can you add year along with the date. Currently the year is not showing. That would be helpful,5.0,2026-08-26 03:19:49.000000,4.0.4
play_3c82ca0e-e85d-4ee8-b9c8-fb5c88ec5b26,Play Store,its the second time when I ordered on nykaa and my order got delayed first and when finally I reached at delivery point it was damaged and they returned it. disappointed with delivery services of nykaa.,1.0,2026-08-03 19:07:25.000000,4.0.3
play_36945b75-3e7a-4f2d-87b0-9c96e6a01839,Play Store,I ordered from Nykaa for the first time and ever since i am getting a lot of spam calls in the name of that order. So I can say that ordering from Nykaa is the worst experience plz nyka don't share personal information with any platform,1.0,2026-08-06 12:47:57.000000,4.0.3
play_24311ecb-33db-4ecd-a3e0-bf97918695f4,Play Store,"since yesterday, I've been trying to use my nykaa wallet cash and rakhi discount to place an order and this useless app keeps giving me an error- ""something went wrong""",1.0,2026-08-23 21:58:14.000000,4.0.4
play_a5a9575e-b1be-4e85-8cf1-62f49ea8b71c,Play Store,"I am extremely disappointed with my experience shopping on Nykaa. I purchased a Korean shampoo from Nykaa. After a few days, I noticed a sticker on the back of the bottle showing different manufacturing and expiry dates. When I carefully removed the sticker, I found the original label underneath with completely different manufacturing and expiry information. This raised serious concerns, so I checked another Korean shampoo of a different brand that I had purchased earlier from Nykaa. To",1.0,2026-07-14 15:03:51.000000,4.0.3
play_3390089d-bab1-4887-ab60-8dbe73d0fc8a,Play Store,"I can't believe its my 2nd time here, I have already mailed the nykaa support team but there's no response from their end and plz don't get me started with the stupid calls from nykka support team that my issue has been escalated to the relevant team, what I'm gonna do that with info just give me my orders or refund. Switched to Tira",1.0,2026-07-29 16:14:38.000000,4.0.3
play_aaba5b9a-d5b5-4969-beee-1b5b6e0d927d,Play Store,"If delivery is not successful in the first attempt, they do not make any more attempts to deliver the said product at all despite showing on the app that delivery would be attempted in the next day. I raised concern at multiple levels but to no use. Very disappointed with the app.",1.0,2026-06-10 11:48:12.000000,3.9.9
play_6f671c07-3ae1-429e-ad29-ea8c082a2bd1,Play Store,"very very poor packing ,products are not properly sealed , seals are broken i booked many times, everytime same thing happened hence this app don't deliver guinine product.Today i received Cetaphil day cream packing box is so old and package seal is broken.i felt very bad about this...i don't recommend this app.i no more using this app...",1.0,2026-07-04 16:58:58.000000,4.0.2
play_dc29c6eb-ec9a-4951-aab0-35f17941507d,Play Store,"worst experience ever, my order was supposed to be delivered at 9th June but the app showed that the delivery was unsuccessful because i was not home/refused the delivery but the truth was i was home whole day and no one came, I raised tickets in help centre/complaint and all but nothing solved but ,they kept showing out for delivery since 3 days, it is now 12 June still no delivery was attempted and it's more worse that they are not even cancelling this order nor they are delivering this.",1.0,2026-06-12 12:17:15.000000,4.0.0
play_5ac73bfb-ad9f-40d8-bc56-c763f70c4774,Play Store,I feel Nykaa delivers genuine products so always go with Nykaa. However Nykaa Now has very poor customer care service. it is extremely frustrating. instead of 2 hours they don't even deliver in 2 days. Undelivered items are also marked delivered and creates panic. The third party Blitz is extremely poor in maintaining delivery time. Nykaa needs to improve its AI customer Assistantance platform. Its pathetic sometimes. They don't give human customer support even on repeated demand.,1.0,2026-07-24 13:34:33.000000,4.0.3
play_cc763b9c-2299-41ab-b187-4624c9b8382a,Play Store,Great App Good discounts Something for everyone Description of products are well written Can easily identify ingredients that don't suit us and avoid them Products can be chosen to your needs and budget,5.0,2026-08-04 17:46:43.000000,4.0.4
play_5d79daf0-2fb7-4225-b962-fcb7f67a12af,Play Store,I had worst experience I had paid only amount everything and not yet parcel delivered and not yet refunded I received and they cancelled my order it has been 4 days.,1.0,2026-08-09 00:01:04.000000,4.0.4
play_7b0e873d-d365-4eef-9ac7-b05ac6cc95e7,Play Store,I had worst experience in nykaa i didn't expect this i bought chrollote tilbury foundation but it's worng shade .. I need to return it but I couldn't ... without opening the box how will I know wht shade it's I talked Abt this issue to nykaa customer care but I didn't get any support very worst they didn't take return my 5000 rs totally waste .. i didn't expect this from nykaa😭😭😭...,1.0,2026-08-09 20:27:47.000000,4.0.4
play_5a93c547-ada6-465a-bcee-c466512931a5,Play Store,I was in love with nykaa first 2 delivery went very smooth nice on time but last 2 times the orders were late nykaa now was taking 2 days to show up there refund policy is actually good but delivery experience is going horribly wrong! please fix this nykaa!!!,2.0,2026-08-23 10:59:53.000000,4.0.4
play_a9e65ca4-7ba4-4a73-83cf-a81e5f3e597b,Play Store,Not buy from Nykaa. Very bad experience for delivery. Bought product on 24/7/26 and indicates delivery date on 29/7/26 but today is 5/8/26 but still not getting my order. Very bad experience. if below 0 rating is available so I want to give it,1.0,2026-08-05 13:00:29.000000,4.0.4
play_9b1bfda7-1804-47ee-a927-0ce73970c969,Play Store,"I am disagree with nyka fashion, they send me wrong parcel and i return back parcel, but they don't send me my money , I dont receive my money Main thing is it help center dont receive my call , I will try more times but they can't receive my call",1.0,2026-08-20 15:32:23.000000,4.0.4
play_c221ef8a-e81c-45d7-8dfd-6aa7448796b6,Play Store,"👎👎👎Very poor service ❌❌🙅‍♀️🙅‍♀️🙅‍♀️. False delivery promises, delayed order, and no proper resolution even after multiple complaints. Extremely disappointed with Nykaa. Not recommended I am extremely disappointed with Nykaa. My order was not delivered on time, and despite multiple complaints, I only received repeated apology emails with no actual resolution. First, I was promised delivery within 24–48 hours, but that promise was not fulfilled. This kind of ser",1.0,2026-08-05 16:29:10.000000,4.0.4
play_d5db4128-92b5-4daa-9fb7-b3abb4a061bd,Play Store,"i love it and on every order you get reward points also the products you get here, it's hard to get those anywhere else with such discount...👍🏻",5.0,2026-08-07 21:13:13.000000,4.0.4
play_c089a65d-f716-40cd-9b7b-a4f909cb2440,Play Store,"Pathetic delivery service, if u do not pick their delivery call they will delay your order more than 10 days. There is no proper service for order delays.",1.0,2026-08-03 15:05:07.000000,4.0.3
play_0de9254d-c7a1-4c89-bf85-67ad0c62baf9,Play Store,"Nyka IS A SCAM!!!!!Worst shopping experience ever. I placed my order on 7 July, but it was delivered only on 22 July. I ordered 2 MARS Chorus Girl 03 Lipsticks and 1 Dot & Key Lip Balm, but instead I received a used MARS lipstick and a used Lakmé lipstick. Receiving used cosmetic products is completely unacceptable and raises serious hygiene concerns. To make matters worse, my return request was rejected even though I received the wrong and used products.nyka is scam",1.0,2026-07-25 20:42:24.000000,4.0.3
play_06c773e8-583e-43cd-b6b4-14fb8e878e92,Play Store,very poor service i have ordered some perfume from this on 19th aug 2026 but it shows today that it will deliver on 29 aug 2026 and there is also no customer care service so that I am not able to solve my issue form 4 to 5 times they have shiftef dates daily Use any other app,1.0,2026-08-25 22:29:27.000000,4.0.4
play_6c581cd9-f4dd-4149-9b2b-d812c10fcb56,Play Store,"I have ordered some items from nayka and this was 2 time when I ordered something from nayka the delivery date was 5 June but naykaa kept postponing the delivery date from 5 to 6 ,7 and on 8 June they send me message that they cannot send my parcel . This disappointment me a lot as this was my second experience on naykaa and they did this with me . I request naykaa to please fix this issue because I am not only the single customer who had faced this issue I saw many reviews regarding this issue.",1.0,2026-06-08 15:19:04.000000,3.9.9
play_64839201-7371-4dcf-8dd5-f8769b0dadec,Play Store,very poor service.. they never respond I have done the double payment mistakenly and they are not responding.. I have been calling them for 5-6 days and they are not responding.. please don't buy from this app this app has the worst service. never buy any thing from this app,1.0,2026-07-28 14:55:39.000000,4.0.3
play_38b82c18-1e2f-4e30-91ce-ad9b18a8b3fd,Play Store,i had a bad experience. i didn't get my order and the delivery agent didn't call me. After 4days the app showing that my product is returning. I don't know what happened to my product. 🙄,1.0,2026-07-11 16:52:11.000000,4.0.2
play_ccb0673a-0ee3-4278-9a54-195f69c73984,Play Store,worst experience so far by the delivery team for ordering a mirragio handbag...they took almost 14 days and still the order was unable to get shipped by them and finally they cancelled from their side....and I was constantly contacting and asking them for which they said it will be resolved soon nd after 14 days of delaying they cancelled it....dnt purchase any luxury items from Nykaa...it was a gift I was ordering it for someone...worst experience ever...,1.0,2026-06-17 19:03:13.000000,4.0.0
play_c4745ae2-d05f-42d2-8197-65d42aca7927,Play Store,"very very wrost delivery service.................................................they are doing to much delay for courier service....and their delivery agent was updated fake status.....I was call many times to customer service...but they said sorry I will update. but nothing happened their side ..I ..don't recommend for anyone....plz go on particular product website and order your product....very very very .....bad experience from nykaa .......,............................don't used this app",1.0,2026-06-28 21:26:42.000000,4.0.1
play_273f0c07-9119-4915-aeba-88112160b448,Play Store,"Very disappointing experience. I received an incomplete order, and even after repeated complaints, my issue remained unresolved. I have lost trust in Nykaa and would not recommend shopping here.👎",1.0,2026-07-10 16:42:20.000000,4.0.1
play_aafff363-3eb7-4857-a917-d7719efceb34,Play Store,"This is the worst support experience I have had. I have called four times, and every agent said the same thing: ""We have forwarded your request to the escalation team,"" sorry, we understand you . If agents are only going to repeat the same response, an AI can do that. Customer support should understand the customer's issue and help solve it, not just repeat scripted messages. I am fed up with explaining the same problem again and again without getting any solution.customer support 👎🏻",1.0,2026-06-10 06:48:46.000000,3.9.9
play_080acdc3-ccd6-4cff-b455-e8368758aab5,Play Store,"Worst Nykaa experience. Ordered Renee Kajal + Bollywood Filter foundation & compact. Got products that looked old & refilled. Raised return with photos, but Nykaa cancelled it saying “used product.” I only opened the box to click pics. They send used items & then blame buyers. Huge scam. Avoid Nykaa. Buy from brand sites directly. Customers deserve new, sealed products & fair return Don't purchase from nyaka. it was such a worst experience",1.0,2026-06-29 14:18:20.000000,4.0.1
play_f40e53ad-4175-4c5b-9ef5-4a7e447bdd99,Play Store,"My order has been delayed beyond the promised delivery date. This is not the first time I’ve experienced late deliveries, and it’s very disappointing. I'm giving 3 stars just for the quality and neat packaging.",3.0,2026-06-21 16:57:37.000000,4.0.1
play_a2740a22-3438-41ea-958d-976ba9c3fa5d,Play Store,"worst app ever. Very bad delivery services, Useless customer care support. Please don't order from nykaa. Find other E-commerce platforms.",1.0,2026-08-16 10:31:04.000000,4.0.4
play_d9dd58e5-9619-41a5-980e-0906f1e084e4,Play Store,worst app. I added products to the cart because it said but 1 get 1 and in just 5 mins they removed the offer just on the products that I added to the cart.,1.0,2026-07-22 16:15:06.000000,4.0.3
play_fb11a77d-de26-4418-8cb2-5dca22fe4c31,Play Store,Such a worst experience i got from @nykaacosmetics I placed an order and delivery guy without even attempting to deliver nor calling here out the guidance of my location. He simply place an return request of the product. I tried calling the customer care people to request kindly ask that deliver person atleast once contact me so that I can guide him but negligence response. Seriously this is how treat us!,1.0,2026-07-04 12:15:27.000000,4.0.2
play_06a4d6c7-a85c-4d67-ac0a-950744de58ef,Play Store,"NEVER ORDER FROM NYKAA. SCAM‼️❌VERY BAD CUSTOMER SERVICE. THEY MAKE A MISTAKE BUT THEY NO ACCEPTED THAT. i ordered 3 products from nyka but delivered 2 product.after opening the package i found that it contained 2 product and one product is missing and also delivered used product.i submitted return request on nyka, but it was rejected. then i was contacted the customer care and rohit named employ respond "" nyka dispatched correctly"". he argued me and questioning. this is not acceptable.very👎",1.0,2026-07-25 21:02:37.000000,4.0.2
play_696b40f4-91a5-4604-8a87-245293ef5e2b,Play Store,"This app has taken 1,700 rupees of mine. I come from a poor family and had saved up for a long time to order something for myself, but I made the mistake of paying the amount upfront via UPI; now, they are not delivering my parcel.",1.0,2026-07-20 16:40:22.000000,4.0.3
play_3e180a17-80c2-4bf0-8e61-e6a6a0b90575,Play Store,"Very disappointed with Nykaa’s delivery service. My order showed 29 August as the delivery date, so I planned accordingly. Yet the delivery agent came on 28 August when I was away. I told him I’d be available that night, otherwise to deliver on 29 August. Today is 29 August, and I’ve been waiting since morning with no delivery or update. The Help section is also of no use, as I can’t even contact the delivery agent due to “policy.” I already prefer COD due to past experiences.",2.0,2026-08-29 21:18:53.000000,4.0.5
play_f46162be-7c80-4eb3-995a-55b422fff5a3,Play Store,I order etiude lip and cheek tint on 20 August 2026 today is 31 August 2026 product didn't receive yet. I call customers care no. they didn't response or everyday product delay very bad experience this tym with nykaa,1.0,2026-08-30 23:46:42.000000,4.0.5
play_b277d543-0a14-471a-ba78-538f83bfd68b,Play Store,"Im so pissed off by Nyka I didn't get my parcel by the time they said also hadn't got notified about it No proper support from the website this happened with my very first order. It won't update the order status at all and we'll be calling the toll free all the time and they'll be saying only one thing it will reach you 24-48 hours and even after 4-6 days you won't get a single message or update in your order status.But they have this magic word when we ask when will I get my order that ""ASAP""",1.0,2026-06-06 10:22:29.000000,3.9.9
play_d5869f5c-0d57-401a-b5e0-cb1b9995a8cc,Play Store,I have not received the product I ordered. they don't have any option to cancel the order I pre paid without delivery.and they didn't response to my issue about my order .poor customer support and delivery . nykaa app is a scam,1.0,2026-07-29 03:54:00.000000,4.0.3
play_a950219b-03f0-4570-b3a5-df862f631df0,Play Store,"This is the worst expirence with you guys, the service is sooo pathetic. I am extremely disappointed with my recent order experience.       I had ordered the combo of Deconstruct Sunscreen SPF 55+ PA+++ along with a Deconstruct Lip Balm. The primary reason for purchasing this combo was to get the SPF 55+ sunscreen, as I could not find the sunscreen available separately on your platform.       Firstly, I opted for the 60-minute delivery service, but the order was not delivered within the time",1.0,2026-06-24 13:22:11.000000,4.0.1
play_f55d122b-31b2-4f7b-9f4f-04f9e4a6fba1,Play Store,the worst app I have ever seen. they didn't give any response after make return and they sent 3 products but I only ordered only 2 products they also charged for the 3rd product this is so irritating. worst app,1.0,2026-07-05 19:01:50.000000,4.0.1
play_a1c780ab-8e2a-4797-a5a3-e97561ed588e,Play Store,"I have changed my rating because I ordered a product worth more than ₹2000, and it has been 7 days but I still haven’t received it. I have also contacted the helpline, but the issue is still not resolved.",1.0,2026-06-24 15:28:42.000000,4.0.1
play_1196be9e-01a5-44ce-82bc-011099fc57cc,Play Store,"I just loveeee Nykaa, I trust nykaa more than anything, this app has delivered me all my favourite makeup super fast and it feels like every single thing is available in this app. Whatever i need, nykaa fullfils my wish, it is way beyond amazing. Just love it, this damnn good app beats every other available beauty shopping app and I am not even bragging. Thank you Nykaa for everything 🩷",5.0,2026-06-24 15:56:25.000000,4.0.1
play_a4739351-25a2-4c31-9a6e-da9e79652062,Play Store,Pathetic scammer they run coupons like buy 1 get 1 free when you order the product you only get 1 what kind of scamm is running people will think they got good deal but hey.. that's how they sell here totally fraud don't ever trust there big discounts and get 1 buy 1 scheme.,1.0,2026-07-25 12:50:18.000000,4.0.3
play_b10d2995-557d-4bec-a8f4-aeab68dd6158,Play Store,Not even a single time I have received my order on time. This time it got delayed for the 4th time! what is this nykaa? Please change your shipment game or you will lose your customers. I will never be ordering from here ever again!,1.0,2026-07-13 23:49:41.000000,4.0.3
play_9cf1a99a-d303-472f-8b42-3e73d33ae914,Play Store,nykaa for sure has the best variety of products BUT it takes forever to deliver. i sometimes keep on calling them to check if they've forgotten my order or not. i ordered a few stuff including sunscreen as I ran out of it on 21st June and it was supposed to be delivered by 23rd then it showed 25th and now it is showing 28th.,3.0,2026-06-26 20:57:58.000000,4.0.1
play_72a7b630-4c2e-4bc0-9c48-1bfaf47054ab,Play Store,"Wallet money trapped & useless support! 🤬 Absolute disaster. The app glitches on the payment page every time I try to use my legitimate Nykaa Wallet balance. I've tried 20+ times with zero success. Why offer a wallet if your broken architecture can't process it? Worse, customer support is totally incompetent. They just copy-paste robotic template replies instead of fixing the backend glitch. Fix your app and release my money immediately!",1.0,2026-07-30 19:53:21.000000,4.0.3
play_a6cff9ac-a959-48f7-be0f-36b6f672d2d4,Play Store,The products of nykka company self mfgd are very low quality now a days I bought it from in store and they are not ready to give me any solution about it The lipsticks of their company is melted on room temperature I can't keep them frozen Right?? zero customer service never buying it back from here.,1.0,2026-06-13 14:43:05.000000,4.0.0
play_5ec823bf-d017-4d46-84a9-cb750ff204cc,Play Store,"nykaa is really a good app because it offers huge variety of genuine products. I bought a sunscreen and I get it on huge discount at first order. however, their customer service are very poor. they keep my sunscreen delaying and I waited so long for it and it was very stressful. then, when I get message of delivery, they provided me rider's number and he didn't picked call. after first buy, nykaa becomes greedy with customers and prices become high with low discount. they need too improve this.",3.0,2026-06-28 09:12:16.000000,4.0.1
play_37c3d63e-de78-411e-88ba-7f28786911de,Play Store,i ordered 9 Makeup products from nykaa now because I felt it convenient and they given me 2 hours for delivery but my order came just in 5-10 mins and the delivery guy only called my 2 times after one ring he hung up when I called him he did not answer then he called and asked if my order is confirmed or not I said that yes my order is confirmed but after he again stopped answering and did not contact me once and later my order got cancelled by the app very disappointed,1.0,2026-07-21 20:33:56.000000,4.0.3
play_67ab180f-fb12-48fd-8e08-f01c44a3d0a1,Play Store,it was really disappointing I use to like this app alot but in last few orders It getting delay and fake delivery attempt Complaining to staff was useless they didn't help at all delaying the order after full payment for 12 days was really worst experience hope they fix it soon,1.0,2026-06-14 12:17:24.000000,4.0.0
play_070aa0e8-551e-4775-a2ec-4fbd218d5f6b,Play Store,this app is quite annoying.. previously I have ordered so many things but it doesn't even received to me on time..the date of delivery is just late day by day🙁🙁🙁🙁so I got frustrated and cancelled the order 😭😭,1.0,2026-06-20 13:37:25.000000,4.0.0
play_80bfc020-957c-4b16-a91d-ead0fa684d85,Play Store,"the products I ordered gas mit been delivered yet even after 2 weeks and customer care is not helping me and no option of cancelling the order, my 4000 rupees is stuck with them from 2+ weeks and from 24th if June the order tracking is showing the same place, not moving. worst experience.",1.0,2026-06-30 05:30:04.000000,4.0.1
play_a2266f6c-5551-4783-81c2-f2fc04de9553,Play Store,"Absolutely very disappointing. Nykaa's return policy is frustrating and not customer-friendly. My return request was not handled as expected, making the overall shopping experience disappointing. I hope Nykaa improves its return and refund process for customers.",1.0,2026-07-27 02:12:53.000000,4.0.3
play_99ac3280-fa39-403b-9b7a-f4ffbf4bb919,Play Store,"I have really very bad experience with nykaa, it's my first order and still not received, there is no option to contact delivery partner. I'll never use this app. really very bad experience.",1.0,2026-06-20 10:11:27.000000,4.0.1
play_828e2968-59fe-4464-861b-145febd6e6ec,Play Store,"of course this app is getting more and more annoying with the delivery, again it showed 30 min and never arrived even if the store is closed by the delivery gets very delayed",1.0,2026-06-20 13:08:36.000000,4.0.1
play_1fea5a7d-441c-4d9f-95db-9e9fa7f97e4c,Play Store,the worst ever an ever app i use i always pay for hassle-free delivery i paid it's showing delivered Will be in 2 hours tn the failed it without any delivery attempted tn i contact customer support they behave rudely tn they without any concern they cancel my order and said the product wear back to warehouse and my refund will be processed 48 hour see over the time nd they' didn't refund my money tf i will complain via mail or I can do whatever i can seriously they r the worst app i ever seen,1.0,2026-07-24 22:50:21.000000,4.0.3
play_6542bae6-4ad8-4e30-a251-554abf463f79,Play Store,very bad experience I odered at 27 june it shows item will deliver 1 July it delayed to 3 july and I shows the order was returned I contact everywhere blue dart delivery service I was also very bad don't buy from nykaa buy from other app very very bad experience 👎,1.0,2026-07-04 10:21:24.000000,4.0.2
play_01956094-e4bb-4846-b636-145c21a3c12d,Play Store,i always order from nykaa...also a happy customer..but this time I got two damaged products...but when I am trying to return...I am not able to upload photos...why is this so possible...it's been an hour...what's this glitch Nykaa ???,2.0,2026-07-24 14:01:22.000000,4.0.3
play_6cddd900-41ba-4e75-94e0-b99b4a5344ee,Play Store,worst experience.I have not received my order and it was shown it got delivered to the resident.They sent an otp but saying the product is delivered without otp.when raised a concern 48 hrs timeline is set for which I couldn't reply and my ticket is closed that's it...no response and no resolution atleast no mention of delivery partner details also.Lost my money . please help me Nykaa..I have ordered 3 times before placing this order.I want a genuine resolution Please,1.0,2026-07-04 19:03:04.000000,4.0.2
play_9e4b4edb-4996-43e8-964e-ec6c69e7b12b,Play Store,"""Amazing shopping experience! Genuine products, great discounts, and fast delivery. Nykaa never disappoints."" ""I love shopping from Nykaa. The product quality is excellent, packaging is secure, and delivery is always on time."" ""Nykaa offers a wide variety of beauty products from trusted brands. The app is easy to use and customer support is helpful."" ""One of the best beauty shopping platforms in India. Authentic products, exciting offers, and smooth returns."" ""Highly recommended! I've been a reg",5.0,2026-06-11 10:12:18.000000,4.0.0
play_f234b19d-8f37-4b52-8c11-800fd503309a,Play Store,very bad experience... one of my friend ordered few items but mistakenly the payment was made twice ... since then she has been trying to reach them out but there is no response,1.0,2026-07-27 16:24:29.000000,4.0.3
play_ee35d24a-310c-473c-afca-ae64342bf9b3,Play Store,"Nykaa now is a scam, i didn't receive my nykaa now order, there was not much help from nykaa's end , i can't cancel the order, i don't know when I will receive the order, I needed them urgently they couldnt deliver it.",1.0,2026-07-04 08:47:48.000000,4.0.1
play_7a0cc8f0-cbe9-4ef5-8b11-de81e48188bb,Play Store,what is this behaviour nykaa ?? i ordered 1 item on 30th May and it's 9 june now ?? the date for delivery was 6 th June and it's been 4 day's etc to deliver 1 Item 🤨 i wanted that item urgently and I'm not able to get it 😮‍💨 i don't even think that I'll reseave my order today 😫 veryyy disappointed with you and I'm never ordering again 🙄................ it says that they will deliver it today on 9 th June but I don't think because I know I'm waiting from 6 th .... I'm really disappointed,1.0,2026-06-09 09:55:07.000000,4.0.0
play_031266e9-1937-4450-8098-0e0ab3ff7eca,Play Store,I ordered one palmonas earring from nykaa and they sent a totally different product and now they refuse to let me return it saying that they have sent the correct product. worst platform.,1.0,2026-06-29 17:05:36.000000,4.0.1
play_c60fb511-ee15-455f-b5f0-c7050bb008b1,Play Store,"I would like to sincerely thank the Nykaa customer support team for their excellent assistance. The executive was polite, patient, and resolved my issue quickly and professionally. I truly appreciate the prompt response and dedication to customer satisfaction. Keep up the great work",5.0,2026-07-22 18:20:49.000000,4.0.3
play_490da525-41b1-413c-95ae-fbaf9c6b5478,Play Store,"Very disappointed with Nykaa. I received a leaking product and immediately shared photos as proof. My return request was rejected twice, even after escalation to the senior team. The issue was not resolved fairly, and I only received repeated generic responses. I expected much better customer service.",1.0,2026-07-10 19:35:56.000000,4.0.2
play_635b4ede-f90b-4812-a3fa-8b9aa5e90df2,Play Store,I have order on 7th june order......i didn't received parcel.....no timely update about tracking...excepted delivery date was 15 but it go delayed again and again from 15 to 17..to..18 to 19.....no satisfactory solution till now raised tickets still no proper solution.....via chat those same pre decided response....earlier app was good .... but now no one should order...Still waiting for my prepaid order to be delivered....,1.0,2026-06-17 18:42:59.000000,4.0.1
play_e711111d-ee8a-406f-be83-ad6ca3bca4de,Play Store,"Easy to use. Clean. User-friendly. Not too heavy an App. Edit: If your customer is a loyal customer for more than 5 years, please consider letting them get affiliate links no matter their social capital. Please. Thank you.",3.0,2026-06-16 20:12:59.000000,4.0.0
play_13196f2b-8c6f-469e-8c2a-780298178c4b,Play Store,"The worst services are provided by nykaa on cancellation, returns, and refunds. they show easy return available on products but later cancel your return request saying that product is not returnable. 😡",1.0,2026-07-19 11:55:37.000000,4.0.3
play_dac06916-f1fd-43f3-b353-cd03ae0e21e2,Play Store,so I ordered something and I received wrong size after that I put it on returned so I returned the parcel but its taking to much time then I canceled the returned and want refund its been 1month and I didn't get my money back yet !,1.0,2026-07-16 22:16:29.000000,4.0.3
play_9df3be0d-aa68-47c7-9ce3-2f33bd9c58a2,Play Store,"worst app ever, I ordered products on 17th July and till date it is not delivered, no one from customer service team is helping me.i ordered products worth rs 4k.....they are not even ready to give refund. I am so disappointed with Naykaa and shadofax services.",1.0,2026-07-28 16:33:41.000000,4.0.3
play_70eba197-6472-45d0-bbf0-ffa9d64f217a,Play Store,worst product.My first order they charged me 492 from 699 dur to their delivery ego i cancelled it then again i order it then they have me gift with that product snd said it's free but charged me 571 so they covered the free gift money from that and that was not even worth ut then the order came and qas not the thing which i ordered and when i try to replace they just play games and then showed no replacement for this order nor have me the money. Give me my money nykaa or give me what I want frd,1.0,2026-07-04 20:32:26.000000,4.0.1
play_1114411d-d230-492b-913f-7b65f0dbf5be,Play Store,"Super costly, cheap products and useless return policy. A consumer can only know the product quality once they see it however as Nykaa is unsure of its quality they reject exchange and return even if the outer packing is open.",1.0,2026-07-16 13:16:36.000000,4.0.3
play_63854386-83eb-4eec-a524-298dbf2cc3de,Play Store,Too wrost.... I have been wating since a month to return the product till now haven't placed a pickup date ...help support is insufficient... customer care is not available.. wrost ever platform i have seen these days,1.0,2026-07-13 22:53:46.000000,4.0.2
play_f5dd1ece-7f91-4302-962b-f56bfb48f246,Play Store,"""My experience with Nykaa support was disappointing. I couldn't get the help I needed regarding my delivery query. The chatbot was not useful, and it was difficult to reach a human support agent. I hope the customer support experience improves.""",1.0,2026-07-19 17:44:15.000000,4.0.3
play_a86c6821-5450-4ce8-9eca-a9fa57f79efc,Play Store,I don't know why this happened but after downloading it the price reduced a lot I could order the product easily and there was no problem it is very good....,5.0,2026-07-01 15:25:18.000000,4.0.1
play_5aa637e8-d7d2-4b46-83d9-19db31541d72,Play Store,"I ordered Anua facewash from Nykaa for ₹828,which came with a free 30ml sunscreen. Today I received my order, but only the sunscreen was there and the facewash was missing.A product this expensive going missing is a serious issue.This was my first order from Nykaa and the experience has been extremely disappointing.I contacted customer care,but they said there was no issue from their side and they couldn’t help.₹828 is a significant amount for me.I never expected such poor service from Nykaa.",1.0,2026-06-11 23:31:18.000000,4.0.0
play_19ed1144-7b66-48a2-8477-2eabce138bfa,Play Store,"I am disappointed with the delivery service. My order was originally expected yesterday, then the delivery date was changed to today, and now it has been postponed again to tomorrow. Repeatedly changing the delivery date without delivering the order is frustrating. I hope Nykaa improves its delivery service and provides accurate delivery updates. pleasee!!",1.0,2026-07-23 18:38:04.000000,4.0.3
play_2273ab31-cd4b-448a-9b66-a59170c781a3,Play Store,"This is a very bad app. I ordered 4 face care products on 16th June and the delivery date was showing 17th June at 11:30 pm but today is 21st June and the order has not been delivered yet. In the end I had to cancel it. After that, whenever I called the customer care, they repeatedly said that the delivery will be done within 24-48 hours, but it did not happen. I would like to tell everyone not to download this app.",1.0,2026-06-21 21:53:49.000000,4.0.1
play_402f91d0-e457-4dd6-8eed-806bb1cd38af,Play Store,"worst experience ever I had place an order, delivery date shows 21/06/26 and again it's shows 23 and now they changed it again for 24 what is this I don't understand cannot cancel order also",1.0,2026-06-22 18:40:07.000000,4.0.1
play_af85537e-7eb2-4153-ab70-e8f29c26498e,Play Store,i personally like nykaa but idk why they r not delivering my order it has been 10 days still my order is not out of delivery it's not for the first time whenever they give sale like hotpinksale they always delayed the orders they r continuing delaying my order so what the point of rating nykaa good even they r not cancelling it cuz it shipped since 10 days the parcel is shipped only,1.0,2026-07-27 16:20:23.000000,4.0.3
play_401d822b-d264-4ec5-a378-e506d499108f,Play Store,i placed an order on 28/06/26 and while adding products to cart it showed delivery on 01/07/26! after payment it showed the delivery date as 03/07/26! today is 07/07/26 ! i still haven't got the delivery! and everytime i keep checking the delivery date it keeps changing the date saying due to some issues delivery is delayed and now it's showing delivery on 10/07/26! i already contacted customer care via chat and call! still no use! this is unacceptable!,1.0,2026-07-07 23:00:10.000000,4.0.2
play_0c75ee9e-9baa-4b70-aece-80046be97862,Play Store,Few days back I ordered a nayka lipstick on 17th july the order was about to get delivered by 20th july I was waiting for the order entire day then on the nayka aap it's showing delivery is delayed it'll be delivered by 21st jul still it wasn't showing out for delivery now again its showing delayed due to unavoidable circumstances it's really ridiculous and it's not even happening for the first time the delivery service has been really pathetic its my last nayka order I'm done & so disappointed,1.0,2026-07-22 15:18:10.000000,4.0.3
play_0cbffac1-8d00-4f74-b8da-0da8c20c9013,Play Store,"The products are very good, No doubt about it but the delivery is bad ,In a huge city like banglore only they r not able to deliver properly. it's been more than 6 days I hv ordered a perfume for gifting and still it is not delivered .",3.0,2026-07-22 12:21:46.000000,4.0.3
play_8182581e-cb3c-44ff-a132-c191e5a4f6a7,Play Store,"I am struggling to comprehend how this service achieved a 4.6 rating, as it falls considerably short of the standards set by leading e-commerce platforms such as Amazon. The entire process, from pricing transparency to order fulfillment, was characterized by significant mismanagement. Furthermore, the customer service department appears to lack the authority to resolve issues effectively. I placed an order valued at 15,000 and have yet to receive any indication of its delivery..",1.0,2026-07-27 11:03:01.000000,4.0.3
play_41ca6a3e-0010-4f57-9af2-98a3ce576f9e,Play Store,Excellent application for beauty lovers. It has all the top skincare and makeup brands in one place. The app is fast and easy to browse.⭐️⭐️⭐️⭐️,4.0,2026-06-28 10:52:06.000000,4.0.1
play_1ddb24e6-d597-435f-9a4f-4acff9187b45,Play Store,"very very bad application, don't buy this anything this app , delivery is not on time,only excuse,I am so frustrated,i ordered 17 july but delivery date is 21 July but yet not delivered, it's urgent product but no response , very very bad",1.0,2026-07-23 06:38:25.000000,4.0.3
play_1b176253-ed51-43c6-966a-21caeeb4a8bc,Play Store,very bad delivery service!!! showed delivery in 2 days it's been 2 weeks and still the order is not delivered!! never ordering again from nykaa!! no way to cancel or even get delivery agent's number.,1.0,2026-07-02 16:59:39.000000,4.0.1
play_21e07bb4-77ba-45f0-9486-45780d6cdf99,Play Store,"nykaa is the best app for the skincare and beauty products for 1st time when you use it gives you discount ,offers, the price of the product is less on it other than Amazon and flipkart after some orders it give you huge discounts and offers with gifts like i have ordered my mother's skincare prdct which were the Derma Co moisturizer,facewash and serum and after these it cost smthng 900rs but after 2 offers it comes to 780rs and with my prchsed prdctts it gives 3 prdct free(2 sunscreen1facewash)",5.0,2026-07-25 15:16:55.000000,4.0.3
play_17332567-ded0-4b4d-90f6-e7587a197fe9,Play Store,Very Bad service selling poor quality products.. and once you asked them to return than they simply deny to return and tell you the policy and all...don't buy anything from here..,1.0,2026-07-15 11:34:26.000000,4.0.3
play_4143c1c2-686b-47fb-8c8f-bb7ae3fe7c5d,Play Store,no doubt I enjoy shopping from this application but they are really annoying the literally spam my SMS WhatsApp and gmail even after turning off the notification I mean who is even has that much of time to see 10 to 15 gmail's 10 to 15 WhatsApp from this web it literally feels that I will sign out from this app. it is now my daily work to remove gmail's WhatsApp everyday,3.0,2026-06-09 19:28:54.000000,4.0.0
play_bb8c0b89-a894-4b78-8863-4786b4120016,Play Store,"Great shopping experience! The app is easy to use, products are genuine, and delivery is fast. I am satisfied with my purchase and would recommend Nykaa to others.",5.0,2026-06-14 21:31:57.000000,4.0.0
play_a22989a4-7ea6-4d0c-942c-a01eb0c14f21,Play Store,no customer support. at my first order I got notification out for delivery everyday but they didn't deliver the order every day they give me a silly answer that I will take care of it and priorities the delivery as soon as possible but nothing happenes from last 7 days,1.0,2026-06-30 21:23:39.000000,4.0.1
play_711760a2-fe97-4c52-9b8b-a725a0016601,Play Store,"""This is one of the worst apps I have used. It is unreliable, slow, and frustrating to use. The app constantly malfunctions, making it difficult to complete even basic tasks. The developers need to address these serious issues immediately.""",1.0,2026-07-13 11:12:58.000000,4.0.2
play_6ba5d1aa-e5ea-4fb2-8207-d0fe7876b956,Play Store,"Good one ,nykaa is just something, it's so fast delivery and the product is exactly the same as shown. The products are so affordable prices and in Good condition!🫶🏻✨🥲 If anyone is reading this then i literally highly recommended this app ❤️❤️✨",5.0,2026-07-27 22:56:28.000000,4.0.3
play_ccb7d95b-bd0b-47c7-ada8-4d4b649f1f2f,Play Store,Always deliver late than scheduled delivery date while product order...very bad experience... Also unresponsive while return of any order...,1.0,2026-06-18 11:17:57.000000,4.0.0
play_05213872-c631-4d64-8097-12411f2b7edb,Play Store,never happened to me. but is this app degraded? ordered something of 1k rs. payment shows successful but app shows no order done. so what can I do? where my money go then? they say go to bank. but they told payment successful so but nykaa says there is no payment. what this is? ridiculous.,1.0,2026-07-21 22:42:46.000000,4.0.3
play_e4ea4b57-3375-4652-aee7-21c5522e2333,Play Store,this is the honest app i've ever seen! this app never fake to me since my first order and this app never deliver a fake product i hope so.. so thankyou and pls give me some discount because all product are a little bit expensive 😅,5.0,2026-06-24 17:56:03.000000,4.0.1
play_5ed8e61a-6f70-484b-acb8-9db52af5a347,Play Store,i ordered so many productssss but i received only three products and the three productss are from different brand which we never used so bad nykkaaaa and the person on customer care cancelled our return and denyyy too refund our paymentt....never believe that nykaa is doing such things to their customersssss,1.0,2026-07-25 15:04:03.000000,4.0.3
play_a1594370-6f5f-472f-b39e-e241fb344c4e,Play Store,"fraudsters! They sent me a wrong product and now It's been more than a week now, getting in touch with customer support leads to no resolution. filed a consumer complaint.",1.0,2026-07-30 14:08:04.000000,4.0.2
play_98cdc118-bc73-4fa5-a2b5-d9f8f62987a2,Play Store,worst service...They don't resolve the issue even after I reached out to them multiple times and even scam us by sending the items which I didn't order and making me pay for it saying I ordered,1.0,2026-07-04 21:22:36.000000,4.0.2
play_129a67d5-ed1f-4597-a9c6-5b155b634b81,Play Store,"its the best app for makeup and skin care even if we compare purple and nyka i always now move towards this app🌼❤️I am soo in love with this and especially the nyka pink sale the products which costs around 2,500 it only costs around 1200...Thank you nyka",5.0,2026-07-19 18:17:07.000000,4.0.3
play_1374df24-9c5b-4844-b700-1c0f38249e0a,Play Store,Worst delivery service. My order has been delayed for a week and still hasn't arrived. Very disappointing and unreliable.,1.0,2026-07-28 18:45:16.000000,4.0.3
play_e914ca34-8d1c-44c3-9cb3-c0333d1dd1af,Play Store,app needs lot of background activity even when not in use. please optimize app. this is an app review. not releted to my order ID. don't blindly paste your standard contact support template on my app review.,1.0,2026-07-31 11:16:22.000000,4.0.3
play_09a44a5f-ee70-4f76-a072-8dbafc00af53,Play Store,"I had placed an order on Nykaa on 16th July. Today it's already 20th July but my order still hasn’t been delivered. They keep making excuses saying ""it will come tomorrow, it will come tomorrow."" I’ve sent my location 5 to 10 times already. No delivery agent is calling me. They themselves cancel the order and say ""it has been rescheduled for tomorrow."" This was my first time ordering and the response has been so bad.",1.0,2026-07-20 20:32:49.000000,4.0.3
play_f7b2f69c-7a5f-4805-8227-2a1186a82b94,Play Store,such bad experience with delivery you haven't even received the delivery showing out for delivery not even recieved it yet showed 11 am it is out for delivery have not received the item and the main thing there is no contact no to contact . Your delivery guy also miss behave with me using abusive language. This is not what i payed for.,1.0,2026-07-28 13:27:50.000000,4.0.3
play_d5855a28-24a9-41f2-8b55-6871e5a3cd38,Play Store,"This app is good and the products are also nice, but if you pay online, they deliver quickly; if you choose cash on delivery, they keep pushing the delivery date further.",3.0,2026-07-25 13:39:35.000000,4.0.1
play_93559dfc-b192-48f5-b512-bc6389290289,Play Store,my experience is very bad..nykaa everytime is delay and sometime they did not send product. recently my daughter had purchased lotus facewash now 6 days over the courier guy can't send this product. what is this behavior..most thirdclass app.,1.0,2026-07-17 18:18:42.000000,4.0.2
play_686ebb98-5957-4171-a761-9710e44e2ab2,Play Store,"worst experience ever,i ordered on 21st june and still waiting for the parcel ,inspite of sending location twice no one came to deliver the product.",1.0,2026-07-05 11:42:15.000000,4.0.1
play_9ef21df7-9af1-428f-8348-e6fe07e93e99,Play Store,I think i had received fake product on nykaa. I wanted to buy loreal skin tint shade medium 4-5. I check the shade in store and it was it great suited me well with no oxidation. Since there was offer on nykaa i ordered through it (30mins delivery) . But the received prouduct is oxidizing ( it's excat same shade which I checked in store) What to do ?,1.0,2026-06-19 06:53:48.000000,4.0.0
play_fd152ee5-b73d-43d0-bcac-95b70e75d0b7,Play Store,App lists almost all the brand's but when the customer orders most of the time it's not delivered and the order gets cancelled,1.0,2026-07-25 13:17:13.000000,4.0.3
play_55d9c9ea-b993-414c-a842-6ada48184076,Play Store,worst app... they don't even return the order .. I get a compact broken on June 17 and I raise return request on the same day but its july 8 there is no anyy action taken from there side.. I eventually contact with nayka team still not they do there work,1.0,2026-07-08 23:14:29.000000,4.0.2
play_70fe2639-a5ca-4f43-8a98-2cd877b8530b,Play Store,"I am really frustrated with nykaa support and the kind of service they are providing, I did everything I can, I called them, I had chat with them and I wrote to them as well..everyone is just assuring that they will help but nobody is helping, everyday we get the message that the partner will pickup the product and just after half hour they say they couldn't attempt it, what the hell is this and it's been 10 days, if this is not solved within 24 hours,I am complaining in consumer forum. I'm done",1.0,2026-07-16 14:08:33.000000,4.0.3
play_57f1980e-bade-4d43-a634-9d10f28506f4,Play Store,It was my first purchase from this app and too much bad experience 👎 Ordered 2 products Total price 317 delivered 1 product and paid 317 on cod according to labeling of the box here's no assistance to refund or to back the non delivered item,1.0,2026-07-11 20:21:12.000000,4.0.2
play_d8528865-c7ee-4643-8ee1-6f4a263a6b87,Play Store,"Guysss , Never ever buy products from nykaa one of the fraud company i have ordered 2 products and paid amount through online , after 1 or 2 days parcel arrived and do you know what i got ?? only 1 product !! and i already paid the amount of 2 , when i complained on nykaa they haven't taken any action to solve my problem",1.0,2026-07-27 09:00:51.000000,4.0.0
play_2851f8ce-4799-4258-b013-33c6a8eb0090,Play Store,"Guys, please don't make the payment before receiving your delivery. I placed an order last month and paid the amount online, but I still haven't received it.They don't even deserve one star.I gave one star only because that's the only way I could post this review This is the worst service. Even when we try to get help from customer support, they only repeat what they want to say and don't pay attention to what customers are saying. Also, the people giving fake reviews saying fast delivery might",1.0,2026-07-06 10:27:33.000000,4.0.1
play_ee818b15-ec7c-4097-9038-cdfa5776549e,Play Store,"Very poor customer service. I complained multiple times about an abusive Shadowfax delivery executive and even sent two emails. Nykaa assured me the issue would be escalated, but no action was taken. The same delivery executive was assigned again and delivered my order. My complaint was completely ignored. Very disappointing experience.",1.0,2026-07-29 11:05:21.000000,4.0.3
play_e66fee0c-b02e-4057-b4c7-a19766cad09a,Play Store,what the hell is wrong with nyka during sales i placed my order on Nykaa 4 days ago and it still hasn't been dispatched. This always happens whenever there's a sale....Such poor service and a useless app..,1.0,2026-07-26 10:15:17.000000,4.0.3
play_caf95c71-dfea-47f4-b030-e9e3da37a6be,Play Store,nykaaNow is so bad. It never delivers my products and keeps on showing that products will arrive soon. No option to contact support.,2.0,2026-07-04 20:41:08.000000,4.0.2
play_5e92f28a-4b27-4f07-a031-d46d6d99938e,Play Store,"worst app to use , my friend have done a double payment by mistake and they didn't responded at all after we trying to reach them so many times still , customer care service is worst to say 😑",1.0,2026-07-27 16:21:53.000000,4.0.1
play_6d89c7d9-b0df-45d4-93e1-9b6228c7429c,Play Store,Overal experience is good. But I have one complaint that is they never show the bad reviewed photos. Whenever I try to open the bad reviewed photos it all goes blank.,4.0,2026-06-25 00:23:50.000000,4.0.1
play_5b842d0d-c821-4a1d-b033-a10e8b74ee8e,Play Store,"Nykaa is one of the best shopping apps for skincare, hairs and many more. It made us users to find products easily and affordable.",5.0,2026-07-30 22:38:42.000000,4.0.3
play_2724a80d-2b78-468c-ada3-0f5c8ebfd625,Play Store,This product doesn't deserve a 5-star rating; they delivered a used item and are now refusing to accept a return. Their team is unable to resolve the customer's issue.,1.0,2026-07-22 18:12:18.000000,4.0.3
play_70e62f47-5f63-47bc-8176-49c10b5090b8,Play Store,since they started 2 hrs that's were mess up begins I got my delivery always more than late whether it is 2 hrs delivery or later ..this use to be my most trusted when it comes to timely delivery n authentic products...my order is delayed by 5 days nw and still no confirmation when m gonna get it...can't plan any travel...,1.0,2026-06-19 20:08:29.000000,4.0.0
play_02590001-0511-45ef-b56c-659b47d4b80a,Play Store,i ordered a face serum but it is missing in the package but i didn't get any refund. this is the worst experience I ever had. don't download and order through this nonsense application,1.0,2026-06-21 12:55:42.000000,4.0.1
play_18ecd966-04ad-41c5-a50a-d845cbd1d69f,Play Store,"Very bad experience at Naika. And Naika's delivery services are very bad, Delivery agents do not contact, unnecessarily show order cancellation failure, no one from the help center provides any help.",5.0,2026-07-25 20:20:20.000000,4.0.3
play_4e727e46-fef7-494c-b473-824f4ba0ae26,Play Store,"this is my personal opinion. . i ordered 2 product and it almost 1 week but the products still not receive, but message only coming today is your delivery 😵‍💫 and iam very disappoint about this app",1.0,2026-07-31 10:58:06.000000,4.0.3
play_588dde4f-0107-48c3-8f0c-e2a010f37e71,Play Store,one of my friends mistakenly made the payment twice since then she is trying to reach out but they are not responding very poor service and also return and exchange policy are also very bad they never reply and listen to coustomer problem,1.0,2026-07-27 16:28:22.000000,4.0.3
play_1f3a6c69-7cb7-4126-9b01-254fc973bc3f,Play Store,"good selection of brands, but the shades on the product look different than actual. so one has to know the color before ordering",3.0,2026-07-24 20:27:18.000000,4.0.3
play_d8465d63-3023-492d-8924-fc504662b4a0,Play Store,"I just love this app cause there's lots of fraud in market and it's very difficult to choose the right and original product, but nykaa made it simple for me to get the original products",5.0,2026-07-08 20:08:50.000000,4.0.2
play_95ae7f17-031a-467f-b900-17950242c3a4,Play Store,"delivery issue - nykaa says they have a fast delivery and all. but my order didn't reach on time and more than that nobody took the responsibility to explain why it's late. I have clearly mentioned in the customer care and messaged them in instagram the urgency of the product - that I'm leaving the city and it needs to be delivered on time. Instead of taking proper action to get it delivered, all I got is some affirmation words that it will reach, pls wait patiently. Too pathetic nykaa",2.0,2026-07-03 08:35:56.000000,4.0.1
play_048568a6-b06e-47dd-a6f3-7aa36bb07c9e,Play Store,very bad delivery system...last month I ordered and till now i didn't receive product and not only that everyday I'll call customer care and they are telling will solve soon very bad very bad...,1.0,2026-07-09 11:56:25.000000,4.0.2
play_a8182674-b6e0-47d9-8b00-72493acf9893,Play Store,very bad app...it's already been 15 days still i didn't get my order delivery and I can't cancel those items too .. very horrible experience,1.0,2026-06-24 14:02:59.000000,4.0.1
play_6c6c0a32-b65e-4ff7-becb-9141256000f8,Play Store,to late to send a product it's been 6 of July I ordered and they said they will send it on 9 july but there is nothing they are extending and extending date If you want on time never order with nykaa,2.0,2026-07-11 18:35:57.000000,4.0.2
play_d48313ae-8d9c-4c70-b40f-95e0f0520fb3,Play Store,I order 4 product on nykaa in a 60min i received 3 products and my 1 product and 1 free moisturizer it been a 1-2 week i didn't receive my order please deliver it earlier I didn't expect this form nykaa it's my first time to ordering with nykaa after this experience I don't want to ordering product with nykaa PLEASE DELIVER MY ORDER EARLIER !! TEAM NYKAA DO SOME MY ORDER IS PREPARED I WANT MY MONEY OTHERWISE!!,1.0,2026-07-15 23:39:13.000000,4.0.2
play_913ae11a-472f-4024-9b5e-c2cafe4ef734,Play Store,"Products are good but delivery experience is so bad, they kept delaying the delivery and I still didn't recieve the product.",2.0,2026-06-18 14:39:11.000000,4.0.1
play_a4d1db7b-2dec-44f8-a039-5f76ab03a28a,Play Store,"Fraud app,Never ever buy any product from this app,They did not attempt delivery for my order and showed that I was not available at delivery in spite of pre paid order,Would take strict actions against them",1.0,2026-07-24 10:47:24.000000,4.0.3
play_8683d04e-628e-4a12-95f3-faf80c3f2c59,Play Store,"worst experience . order 2 minimalist products to get a free product bit the free product was leaking inside the packet , they wouldn't replace it .",1.0,2026-07-14 15:36:43.000000,4.0.3
play_1264fc5b-a418-47f3-86f1-349a42d1dd61,Play Store,my experience is very bad. I have ordered some things and one thing was missing and when I complained there was no response so I won't recommend this app.,1.0,2026-07-31 13:50:15.000000,4.0.3
play_8ff9fb6b-3125-4146-bc16-e979165d6e10,Play Store,"it was my first time ordering from nykaa, so I had a little trouble ordering from it. But eventually after ordering from it for years now the problem is sorted out 😃 😊",4.0,2026-07-11 13:17:32.000000,4.0.2
play_8b35f0d4-94b2-4fdd-953d-415533d4f3ef,Play Store,"i order hair care products a week ago and delivered date is change day by day , i tried so many call to customer care they didn't answer totally worst app it's my second experience worst worst worst app I have ever seen",1.0,2026-07-23 21:32:52.000000,4.0.2
play_1a217761-742b-4e0e-9838-e7cbdf6c3b70,Play Store,"🛍️ Nykaa never disappoints! A perfect app for every beauty lover! 💄✨ From skincare to makeup, Everything arrives safely packed & Exactly as shown. A trustworthy app with an amazing collection. 💖",5.0,2026-07-24 16:19:46.000000,4.0.3
play_b157c16e-912d-4d57-8a63-b56a6ce35f73,Play Store,I really enjoy shopping here. they have great deals and I have never had any problems with my products. it's very safe to use as well.,5.0,2026-07-03 19:55:09.000000,4.0.1
play_80c8e5e1-4b9d-49ac-b75f-c908f1781351,Play Store,"Just adding top brands doesn't make you cool. All benefits are for prive or other members! The biggest scam of India is on sale, the funniest part is something is 100 rupees for the sale and after a minute it increases the price and celebrates the so called Hot pink sale.",1.0,2026-07-17 01:07:12.000000,4.0.3
play_466b402e-feb4-4d4c-8a5c-f0a7b7cae0fd,Play Store,"the deliveries take wayy too long and arrives really late, it still hasn't arrived as i am writing this i want to give it a 1 but that would be too harsh because the first delivery was early",2.0,2026-07-29 17:04:16.000000,4.0.3
play_130ee180-00a1-42a0-90f8-7c567be75cc2,Play Store,discounted price shown ₹342 but when ordered it charged ₹399..It was also showing ₹70 something off but I didn't get the point of charging ₹399aftee all these discounts ..what's the point of showing all these discounts then? only marketing hacks...,1.0,2026-06-18 17:22:13.000000,4.0.0
play_a50daa71-f7ea-4843-91ed-159020692a70,Play Store,"when I ordered product that time they have gift product of two then they were cancelled that gift and gave the product of i ordered what is this if you can't give then don't promise pls be aware guys ""This is literally worst""",1.0,2026-07-26 22:25:51.000000,4.0.3
play_75cab676-0895-42c3-8cac-ff7e43e8708e,Play Store,worst platform!! they don't take accountability!! I requested them to replace my order because which order i placed is damaged bur they don't respond it appropriate and still didn't replace my item,1.0,2026-07-24 20:55:24.000000,4.0.3
play_7c5af5dd-ecdd-479e-b1d5-f901a9164297,Play Store,"Nyka has turned into a fraud company. i had ordered shoes from Reebok and when i recived the product, i recived shoes from Levis company. above that the size that they send me was incorrect. when i contacted the costumer care, they raised their hands saying that they could'nt do anything about it. even when i asked for a replacement or a return request they denied. Also the costumer team was speaking rudely when i tried to push my conversation. Didnt expect this from a company like Nyka.",1.0,2026-07-07 19:08:32.000000,4.0.2
play_f872acf5-f7bf-43df-b43c-0ea00bf53154,Play Store,it was my very worst experience with nykaa I have placed my first order and they confirmed that order and on the day of delivery they ask me to cancel the order as it was out of stock you should inform earlier,1.0,2026-07-12 10:12:53.000000,4.0.2
play_9b39e028-0dd4-402e-9a29-dcf78bf1b9d7,Play Store,"Nykaa delivers real, genuine products at reasonable prices. The delivery and returns are easily manageable, no delays or excuses! Highly recommend Nykaa for your beauty and skin care products!",5.0,2026-07-02 17:28:14.000000,4.0.1
play_cf820af0-7efc-477b-8d33-bd9dee2104d8,Play Store,Bad service experience. They even Didn't accept returns if product was damaged or mismatch with which was shown on nykaa app . I make sure I'll never used this app again in my whole life,1.0,2026-07-13 15:05:50.000000,4.0.1
play_e9a953d6-f121-4f70-b1bd-ee95a98c2594,Play Store,"I preferred nyka always , they broke the trust of delivery and customer care , no calls no grievance cell, assuring daily that I will deliver today and rescheduled for tomorrow at the end of the day . better give the delivery service back to bluedart only . your new delivery parner sucks .",1.0,2026-07-10 07:33:54.000000,4.0.1
play_b30190fe-27f4-485f-8df2-d5043d81505c,Play Store,"The delivery boys of this app are very useless and cancel the product without delivering it, hence I did not like it at all.",1.0,2026-07-26 12:35:00.000000,4.0.3
play_b8f75c35-d2de-45cb-9a75-ceeef2880728,Play Store,Have been a regular on the app with purchases. Have never been disappointed. Keep up and keep growing.,5.0,2026-06-25 14:06:20.000000,4.0.1
play_7dc44e14-feb5-4dd8-a8a4-fce993e6dd0e,Play Store,worst experience.. received totally different product as shown and they don't provide return facility...just mention easy returns...but don't take the product bach,1.0,2026-07-23 00:23:31.000000,4.0.3
play_2196fce3-c36c-4db5-bfb8-8c28595e1ce1,Play Store,"most trusted and reliable app for skincare and makeup shopping, there are so many offers which i love the most🥹 no fear of getting scammed and the best part uh get COD 🙏 so far i am having an amazing experience 💅😮‍💨🤌",5.0,2026-07-25 17:09:04.000000,4.0.3
play_35f5f53e-9a9c-4868-8eec-de8bc20af7cf,Play Store,The app will not provide any updates of your order. Also their logistics are very poor and support is of no use.,1.0,2026-07-19 11:17:17.000000,4.0.3
play_136f68a5-1df1-41f5-8e5e-2ccaba48a216,Play Store,"very bad..not delivering on time and the delivery partner is calling 1 time then cancelling the order never buy from this very bad ,not expected from them",1.0,2026-07-03 14:27:16.000000,4.0.1
play_52d4d7b6-7382-4ae1-b0f4-b482cbe05ad1,Play Store,I m having payment problems. u need to fix that m amount will be debited from my account but order confirmation doesn't happen.,1.0,2026-07-06 19:03:41.000000,4.0.1
play_0f69024e-356e-46c4-90e7-ec77b5f78a2a,Play Store,very poor delivery service.. didn't even pick up the call nor received it when called back..NYKAA BETTER PAY MORE ATTENTION TO SUCH ISSUES,1.0,2026-08-22 19:33:12.000000,4.0.4
play_40811f39-e1fb-4a8a-b80c-9ce2f017bacc,Play Store,the worst you say we can't deliver this item to blah blah pincode but no you are just delaying the order and on that there on any shipping delivery man number and also we can't cancel the order,1.0,2026-07-01 23:03:07.000000,4.0.1
play_902a7677-46a8-4b33-8253-f288573bc0c2,Play Store,"This app is very good, delivery is super fast n prices are also not very much.This app is easy to use and navigate.",5.0,2026-08-27 07:14:21.000000,4.0.4
play_28e66ae2-6eed-4b64-acb8-2ac57d6dc58e,Play Store,worst app dont download cant even deliver properly they just cancel our orders themselves without our request waste app i give 0 rating for this app customer help is also wate they dont respond properly,1.0,2026-08-22 18:37:47.000000,4.0.4
play_1c8a04c1-ebd5-4aec-8b7e-12ba6d70b6d5,Play Store,"People get ripped off on the Nyka app; they mislead customers by sending the wrong products. When a customer places a return request for an incorrect order, the request gets cancelled with the claim that the item has been used. You actually send the wrong products to customers and then accuse them—it is a terrible app. No one should shop here; such cheap people.",1.0,2026-07-16 23:37:52.000000,3.9.9
play_162dc7c2-5405-4616-9cb8-854333528f54,Play Store,"I ordered few products on 30 / 7 /26 , and the date of delivery was given on 4/8/26 I ordered it for an event . I was waiting for the order now at 7.30pm on 4/8/26 they are showing that the order is being delayed to 6/8/26. I ordered the products thinking it will come on 4/8/26 . very bad service 😒 👎 .The order was shipped on 31/7/26 , so now I can't cancel the order👎👎👎👎",1.0,2026-08-04 19:58:46.000000,4.0.2
play_76ace0a6-d795-4d38-9163-601fefbb393c,Play Store,never buy anything ....their is no return of their products ....if u get damaged wrong product still they do not take it back their no customer care .....wrost experience ever..... plus they deliver wrong product,1.0,2026-08-05 00:00:58.000000,4.0.3
play_3611da4b-ede1-47cd-ae91-63205ae75d88,Play Store,very bad service they take their payments and send empty boxes of products and after complaint they don't solve the problem and not giving my money back,1.0,2026-08-20 13:03:17.000000,4.0.4
play_c061f002-bb3c-4b2a-9f2f-cb1f418de4a2,Play Store,they provide wrong product. dont take cancellation request. sends msgs again &anain.. not the app for all.. too much bad experience i have.,1.0,2026-08-17 13:19:11.000000,4.0.4
play_30d4a9ce-e084-4061-a49c-48bc19662c3f,Play Store,terrible experience delivery is too delayed than expected and the item I purchased is still not delivered after 4 days of commitment about the product to be delivered,2.0,2026-08-27 18:06:14.000000,4.0.5
play_80010a93-b7f3-49f2-9cbc-0f67d8a53ca3,Play Store,I am very disappointed. I have ordered 7 products but only received one when I paid the full price.don't trust Nykaa.😞,1.0,2026-08-15 11:02:51.000000,4.0.4
play_abf81783-aa19-4f1a-a9d6-87a828b294d0,Play Store,worst app ever doesn't even care about customers weather the products are received or nt no information about unable to deliver or cnt be delivered 😡,1.0,2026-08-23 11:30:22.000000,4.0.4
play_7c4a1e22-b8c4-4af8-85b3-1562d7974110,Play Store,"do not use this app i ordered on nykaa which is not delivered to me and I can't get my refund, nykaa's customer care service is so poor, I am very frustrated with this issue I never order anything from nykaa",1.0,2026-08-17 15:15:26.000000,4.0.4
play_12db5bbf-380c-4ee5-a63b-54a0519e4dfb,Play Store,"The most useless app ever ........ You order from this app, but it never delivers on time. It keeps delaying and rescheduling. This is the most useless app.",1.0,2026-08-13 18:06:32.000000,4.0.4
play_065e7a5a-ad9c-4c4a-9840-38ac6428f101,Play Store,claimed for the free gift so many time but at that time site not working properly when I deleted that free gift at that time site start to work.....if you have no guts for free gift and discount why are you offering then..,1.0,2026-06-14 18:00:41.000000,4.0.0
play_aa668159-b452-45be-82c5-59e74af1fc0f,Play Store,I have ordered a insight cosmetics and paid online but not able to see it in my orders.,1.0,2026-08-17 14:56:34.000000,4.0.4
play_18584c74-339e-4f2a-86ef-b64fe4955ccc,Play Store,very very worst app ever they didn't delivered product at given time also they didn't refund. do not use this app,1.0,2026-08-16 12:21:40.000000,4.0.4
play_3bf00f1d-cae5-43d8-90df-d49e2c7f2023,Play Store,The delivery is extremely delayed. I haven’t received the item within the expected time.,1.0,2026-08-17 21:05:39.000000,4.0.4
play_5a37e952-36c1-4cf1-a8d3-566a06afa810,Play Store,"l love this App more than 10 years, easy to access and payments ... Thank you Nykaa ....",5.0,2026-08-16 17:01:34.000000,4.0.4
play_4e546b70-f3df-4196-be96-19a514f4aa47,Play Store,very pathetic service no option of return replace initially while buying you get option but when you want to return or replace nykaa will deny. very very bad customer experience,1.0,2026-08-21 12:56:13.000000,4.0.4
play_fa7b28aa-96c3-4f74-ad05-feaa01a196c2,Play Store,"I personally felt that this aap is too worst ,they never gave me my order at time and delay too much ,extend re days and then cancel my order from there side only ,saying that they didn't reached me",1.0,2026-08-05 16:58:02.000000,4.0.4
play_a10c52dd-4e07-4a73-a96c-0a62a9cd09ed,Play Store,worst app ever use customer care is soo unsatisfied and never got delivery on time and many time did not receive any product,1.0,2026-08-20 21:03:55.000000,4.0.4
play_99690bdf-d51b-4122-8a66-6c13c1573c47,Play Store,you sell fake product....worst app ...bought a kay beauty tinted sunscreen...the bottle was broken... the product was not there...yet your team denied refund...worst service,1.0,2026-08-28 00:11:13.000000,4.0.5
play_39efb1e3-3aaf-4153-8776-6a560f4410b8,Play Store,on my first order i order on 13august and they delayed it multiple times and now they told me they are returning back to the warehouse......Nykaa i request you to to return and deliver it back again,1.0,2026-08-17 13:23:36.000000,4.0.4
play_edb13012-928c-458a-88f1-28d7beb983eb,Play Store,The CC payment option has bugs. The CVV number input field doesn't work properly.,2.0,2026-08-29 11:27:24.000000,4.0.5
play_3ea21b77-8613-4463-ae85-572add94155d,Play Store,Nykaa doesn't deliver the product on time. they cancelled the order by themselves by telling lies that you are not available to receive the delivery because the price of the product increases later on . I am very much disappointed with the service given by Nykaa. such a big brand company giving very bad service. this might have happened with many customers.,1.0,2026-06-13 10:43:36.000000,3.9.9
play_392c11f2-ca41-4545-8b48-691347c03e57,Play Store,outstanding...product quality awesome... quick delivery.. I am so happy part of this apps... authentic product...,5.0,2026-08-23 11:12:13.000000,4.0.4
play_5ae0cb51-c52c-4cfc-b6ba-23a9c1bfb91a,Play Store,was supposed to get my parcel 5 days ago yet didn't get any update also the delivery guy is very rude and when trying to ask about the delivery he is not picking up the calls,1.0,2026-08-09 16:35:46.000000,4.0.4
play_0d063e4f-220e-4ea5-a3e4-75225565688a,Play Store,"Firstly, you should not give people options which are not available and once the order is placed, you should not cheat on it.And your executives do not know how to solve the problem, first teach them that and stop cheating.",1.0,2026-08-21 18:35:41.000000,4.0.4
play_e1cc2fc8-e9ae-48d9-a6a4-886d71d9c09f,Play Store,very good and smooth app and i am very grateful that it doesn't costs any platform fee and handling fee thank you nykaa,5.0,2026-08-26 00:01:44.000000,4.0.4
play_0abd3362-362c-43d0-b58b-19eafc5b4cec,Play Store,return and exchange related - nyka wil never look into customer query .. worst experience. chatbot application is not a user friendly. call me right now.,1.0,2026-08-07 20:24:08.000000,4.0.3
play_0e66f3ed-9cd9-4cfa-9823-998e25de2d34,Play Store,app not working keep showing loading sign but not opening please fix this bug or error whatever it's going through,1.0,2026-08-10 16:09:48.000000,4.0.4
play_27eb7cdd-dc80-4e3f-a61d-4a4ff161fffe,Play Store,"Extremely disappointed with Nykaa's delivery service. My order was placed on June 8 and the expected delivery date was June 13. It was then postponed to June 16, and the package is still stuck at the Kolkata hub. Repeated delays and inaccurate delivery promises are unacceptable. Customers deserve better communication and reliable delivery estimates.",3.0,2026-06-16 12:49:01.000000,4.0.0
play_43a36b9f-e4da-46e6-9366-1e4cfe8aa71c,Play Store,Doesn't deliver products on time. I'm ordering products from nykaa since 12 yrs but they always failed to deliver products on time. I have shoped for almost 10k at 1 Aug 26. I was supposed to receive it on 10th then they changed the date to 11th then 12th then 13th. And i don't have nykaa c care number. I don't know what to do. If anyone knows anything how to contact the c care plz let me know.,1.0,2026-08-12 11:11:14.000000,4.0.4
play_c4d8a49a-2724-46d2-b1b7-e36bfac120f2,Play Store,worst experience. unable to return products. they don't respond and their customer care is a joke.. it is delayed for more than 10 days.,1.0,2026-07-30 17:23:31.000000,4.0.3
play_ca7fd815-715b-4d65-94da-f97164fbcef7,Play Store,"I purchased NYX lipstick in the Copenhagen shade, and they sold a duplicate product to me. When I talked to customer service, they denied my concern and said they couldn't return or replace the product. From the picture, it literally seemed like a different color. They are selling duplicate products to customers without any ethics. I'm very disappointed with my experience with the Nykaa brand.",1.0,2026-06-25 11:45:33.000000,3.9.5
play_ec9203bf-b208-4f11-bf79-de6e16c12e4f,Play Store,i don't wanna rate this app even 1 as i was waiting for my order for 1 month and delivery was postponed to next day and they itself told the order cancelled. very disappointed 😑😑😒,1.0,2026-06-20 21:46:02.000000,4.0.1
play_48feb7f1-0f47-4234-a00c-a3810fdefd99,Play Store,nykaa service degrading specially during sale.. they cancelled my entire order without my confirmation and to which their solution is we are giving you a refund. I am here Waiting for my things and getting to know it has been cancelled and I have no clue. now I am supposed to feel satisfied because at least I am getting a refund. people shop during the sale to get benefits what is the point of the order gets cancelled.,3.0,2026-08-03 13:40:43.000000,4.0.3
play_7da3e6c0-8020-40b0-9d38-9b6dffdbb4ef,Play Store,"no complaints about products but the delivery procedure really sucked , I ordered a few products the first time but wasn't available the day it was delivered. first of all why they're not showing the delivery date before ordering ? my rescheduled items are in delay now and they're not delivering the day they've told me . They keep harassing me via phone call but not delivering the scheduled item . nyka should work on this strongly.",1.0,2026-07-21 14:06:30.000000,3.9.9
play_a3c9e8cf-daa6-47a0-b419-0ff03a8c42e9,Play Store,whenever I try to apply a coupon code it gives an error you have the maximum limit of usage of this coupon as neither I have used it before nor the coupon is expired,2.0,2026-07-12 12:55:05.000000,4.0.1
play_115654a3-07d0-4b26-9cc2-a499a8741321,Play Store,this app offers a good quality products but most of the products are always out of stock I request the authority to sort out this problem. Thanks,1.0,2026-06-19 13:58:08.000000,4.0.0
play_1089ca57-1d11-492f-9b19-e476cbc7bda5,Play Store,"they take a very long time to deliver parcels and sometimes they don't deliver them at all furthermore, delivery agent not answer call.i'm very disappointed 😔",1.0,2026-08-04 13:10:54.000000,4.0.3
play_b5de145f-65d2-4dbb-a8eb-5f2cee7f0a88,Play Store,delivery boy experience very horrible The delivery boy experience was very bad and there was no option to complain.. The delivery boy behaved very rudely and even threatened to cancel the order...and reschedule my prepaid order 😡😡😡😡very very very bad experience. ( only for delivery partner) no issues with nykaa.,1.0,2026-07-04 23:17:24.000000,4.0.2
play_08a85b0b-6d03-4346-b467-664cd834850f,Play Store,Incompetent and lazy people work in their customer support who provide no solution when approached. I have had the same experience with them multiple times. Google should give an option to rate negative stars.,1.0,2026-07-09 11:06:11.000000,4.0.2
play_cdc2b003-942e-4419-9fbf-b18ea5d16743,Play Store,I placed the order on 2nd July and promised delivery date was 5th July. Today is 6th and I have not received the order yet. There is no update in the tracking status as well. It is at the same place since last 2-3 days.I don't know what happened to nykaa app,1.0,2026-07-06 17:06:32.000000,4.0.2
play_191e0122-ba65-4b00-b5a1-23529b2ed9d1,Play Store,it's very amazing...... you'll get 1000 points when you create an account and use it while you make a purchase. loved Nykaa😘,4.0,2026-07-18 20:08:06.000000,4.0.3
play_28efd821-b71b-4cb4-87d9-1b3938cd32a5,Play Store,i order first time in nykaa and I'm very disappointed by this app i order in 24 july and delivery was 31 july and they delay my order then they show 1 August and today is 4 of August and my order was not received me,1.0,2026-08-04 17:05:58.000000,4.0.3
play_09a20edc-65cf-4699-af17-d9836644b99d,Play Store,"they scam people by delivering wrong product. I recently ordered hair straightener instead of straightener i got dove deo. They will first do scam with you and when you reach out them they will ask you to wait 24hrs,48hrs ,and they delay the process. Never trust nykaa",1.0,2026-06-12 19:09:27.000000,4.0.0
play_4d44150b-99fc-4d27-bf5f-ecc3bcf7f24c,Play Store,nykaa customer care person is not good 😖 and doesn't talk well. nykaa nykaa customer care person doesn't accept returns product. product return problem. return not available.,1.0,2026-06-22 10:38:15.000000,4.0.1
play_fbac2bb1-7c96-4a30-8009-12dce37b6b69,Play Store,i have terrible experience from my pas order i ordered on 2nd june and it is getting delayed after 6 days delayed delivery partner is saying he can't come in my area for one parcel.then why you guys take orders.then i cancelled it and again ordered it on 13th june my delivery date was 15 th June but again it is getting delayed and in tracking they are showing another pincode and saying my order is rerouting.why you guys don't deliver on my pincode. I'm pissed off with this experience.,1.0,2026-06-15 16:00:50.000000,4.0.0
play_496457ea-6695-41ab-9688-317f01fea755,Play Store,I REALLY WISH I could give a negative rating. they sell you literally about to be expired products for expensive products on sale. and when you place a return request they cancel it by themselves. I really don't understand how they have to manage to stoop so low,1.0,2026-06-06 07:13:45.000000,3.9.9
play_3fb1951d-5f96-4ebb-9f9f-cbd9e41c202e,Play Store,"Worst experience. I ordered a product that was supposed to be delivered by the promised date, but the delivery kept getting delayed. I even contacted customer care twice, yet nothing was resolved and no useful update was provided. If products are not delivered on the estimated date, then what is the point of displaying an expected delivery date in the first place? Customers plan their purchases based on those commitments. The service quality has been declining drastically.",1.0,2026-06-20 18:28:50.000000,3.9.8
play_93fbe538-ddd9-4a44-ac53-f21cdf61fa42,Play Store,"Worst and pathetic customer service.My order has been pending since 13 May26, and the delivery date is being postponed continuously without any valid explanation. Very disappointed with Nykaa's customer service. Different executives are providing completely contradictory information regarding my refund. Despite multiple follow-ups, there is still no clear resolution. To make matters worse, my order was marked as delivered even though I never received it.",1.0,2026-06-04 12:26:57.000000,3.9.9
play_eac67ac8-7d68-4bfc-9aa0-1a189973d11f,Play Store,"Aap logo k sath delivery experience bhut hi ghtiya hai by God ...i mean I get it if you want to take certain time to deliver a product but what is this extending your delivery date every other day, after using the app again after one year I get it why I stopped using it...please do better",1.0,2026-06-24 00:10:34.000000,4.0.1
play_6489dbc9-4154-4d28-b182-2d5d45348830,Play Store,the order wasn't delivered to me on time the delivery partner was telling that I have been cancelling the delivery rather he wasn't even coming or calling after saying buy one get one free they sent only one,1.0,2026-07-21 20:00:37.000000,4.0.3
play_73136e94-56ec-4d6f-ad90-387a030cbcd1,Play Store,nyka app is very bad my first order payment is not showing in app after my online paymenty order is not placed No one can help me . Help service very bad No one can't solve my issue 😔,1.0,2026-06-25 08:43:51.000000,4.0.1
play_f6dd8a7d-b8bc-4f6b-af93-73143dacfec4,Play Store,fantastic app and deals are superb sales are mind-blowing and specially I liked the luxury cosmetics section such as YSL and channel i didn't accept I got them there,5.0,2026-08-23 20:25:13.000000,4.0.4
play_817ff7d7-1d9a-4657-83ba-b358bc84f573,Play Store,Yo the delivery service is the worse they keep delaying my order and im sick of it. like pleasee change your delivery partner and im soo madd at them rn. causee i should have used other app for the purchase now i feel like it. 🙄🙄worssee,1.0,2026-06-12 07:46:57.000000,4.0.0
play_f69c9853-ceee-41e1-816d-e0196b8744fc,Play Store,"Nykaa = fraud. No delivery, no updates, no customer support. Order returned automatically and they blame everyone except themselves. Don’t fall for the “first order discount” trap.",1.0,2026-07-16 15:33:41.000000,4.0.3
play_e63d5f14-c330-4fce-8af9-fca11fcf34bf,Play Store,they don't return your order don't by product from here they give you bad product and at the last they will say this is uss product aur they don't give your money back,1.0,2026-08-20 07:16:30.000000,4.0.4
play_c9a7f651-212a-4599-9505-ab1e5f2898c5,Play Store,"The return policy is not good at all, you have to call customer care a lot.Yet these people don't take action quickly.It takes about a month to return your product.",1.0,2026-06-10 19:10:04.000000,4.0.0
play_6e927587-f475-41f8-8d23-02757ed6f331,Play Store,So awesome!! On my very first order I got ₹300 credited and I ordered 2 items to treat my self on Birthday & just saved 150 rp just loved it waiting for the products to arrive!! Yayy!,4.0,2026-07-08 13:00:04.000000,4.0.2
play_a26f2b9c-ccf9-4cd9-8ea6-971e28816209,Play Store,"These are the results for Nykaa app, it is very bad and very wrong. After ordering and checking the product from Nykaa, we see whether the product is good or bad, only then we return it, but Nykaa is so useless, forget about return, here after checking the product they say that I have used your product, sorry we cannot return it. Really Naykaa app is very bad",1.0,2026-06-18 01:54:01.000000,3.9.9
play_1429cf9e-25b7-447a-bd00-323b8877b892,Play Store,"I am very disappointed with the delivery service provided by Xpressbees for my Nykaa order. My order was scheduled for delivery on 31 May, and today is already 4 June, yet it has still not been delivered. I have also been unable to connect with Nykaa's customer service for assistance. This delay and lack of support are extremely frustrating.",1.0,2026-06-04 12:18:19.000000,3.9.9
play_712b0fbf-155e-4133-bf88-6e66f60e118e,Play Store,good app for purchasing the product but I cannot see the fair lovely brighter sunscreen yellow please do something i have to purchase,5.0,2026-08-25 18:30:58.000000,4.0.4
play_bc89e939-7bf5-41ec-a6da-b801c0e0c366,Play Store,I thought now that I had understood the previous complaint but nothing happened. Even now I tried to order again but they always charge extra.,1.0,2026-08-24 16:52:47.000000,4.0.4
play_e9e3349b-a52d-47b3-884b-9beddf960fd3,Play Store,my nykaa experience is very bad because My order Day by day delay and then cancelled My order. after that am so sad becouse I order my products in pink sale in affordable prices.,1.0,2026-08-04 17:11:09.000000,4.0.3
play_048e9052-6bc2-44a0-9e25-d2fb27b69104,Play Store,such a good brand and this kind of delivery service which is vry bad.. without calling me for delivery... I got the msg saying I was not available and though I was waiting whn I'll get the call... how can thy mark as I was not available without calling me,1.0,2026-08-03 22:14:25.000000,4.0.3
play_8e48e118-a5f0-4a47-8428-002e1152f2a5,Play Store,"Extremely Poor Logistics and Delayed Delivery ⭐ Worst delivery experience on Nykaa recently. The delivery dates keep shifting constantly (first 17th, then 18th, 19th, and now 20th 21th). This unpredictability is highly frustrating, especially when someone has travel plans and is waiting for the package. Customer care only gives automated assurances but no real resolution. Totally unreliable delivery management.",1.0,2026-06-21 11:38:56.000000,4.0.1
play_009b2692-8414-48a1-b6f0-b265634f4645,Play Store,very bad shopping with nyka my products didn't get delivered if I raise complete they cancelled my order it's very bad online shopping and the response also very bad never trust again 🙏,1.0,2026-06-27 13:31:38.000000,4.0.1
play_1ae5e091-e41c-468f-9f19-a795812176cd,Play Store,"Best app for beauty! 100% genuine products, great deals, and perfect packaging. Highly recommended!""",5.0,2026-08-05 12:35:10.000000,4.0.4
play_037dcc47-11f0-41de-ba4f-eb2ee680d7a9,Play Store,everything is pretty fine. but sometimes the delivery time gets very delayed.,3.0,2026-08-22 21:28:49.000000,4.0.4
play_b92344fd-f505-4a5c-a7dd-f574fd5f4571,Play Store,worst experience😡😡😡 they don't accept the return and say it's used and open 😡 that's not even my shade 😡 I'm looking mad.....? I use white concealer in my brown skin tone.....? 😡😡😡 never gonna ordering from u,1.0,2026-08-05 16:02:19.000000,4.0.3
play_212e23bd-fc3b-44e0-81fb-7a5a8893e766,Play Store,I ordered the product and i already paid for it but I haven't received it yet even though it said that the product has been received by the residential. I've already given feedback on the same day but I got no response till now. I'm very disappointed for your service,1.0,2026-08-03 12:14:20.000000,4.0.3
play_29de5ef3-b6fb-46f1-a255-65e6611c5a6c,Play Store,"this app is doing scam with me sending coupes and not even I can use this , I want to post the picture but there is not options, but I will post on intagram.",1.0,2026-08-08 18:50:32.000000,4.0.4
play_56722be5-d161-4ac9-bfad-7cf57b025a6c,Play Store,"I didn't get my products delivered, they keep saying that I was not available to take the delivery, but no one came to deliver or contacted me",2.0,2026-08-05 16:51:23.000000,4.0.3
play_3841364b-8e3a-457d-b0e9-e1ecd3058118,Play Store,Good shopping experience so far. Hope the products are from the Brands original too.,5.0,2026-08-05 16:17:59.000000,4.0.3
play_6d072bad-d375-4826-bb63-e982e87baea5,Play Store,worst app ever. canceled my order just two days before my wedding without any reasons traumatising customers.and not helping out .worst worst ever app.not using it ever again,1.0,2026-08-20 09:10:23.000000,4.0.4
play_30f2822d-211c-4b7d-bd31-95febeb5c463,Play Store,"really bad experience, they send you fake promotional messages about crediting bal. in ur wallet and when you complain about not receiving that, they deny from that.",1.0,2026-08-19 11:05:40.000000,4.0.4
play_df33eec0-9294-4e62-ba78-e906e688f40f,Play Store,earlier I used to get items delivered on time but nowadays it's taken 2 weeks to deliver.,2.0,2026-08-02 20:40:13.000000,4.0.3
play_e6c29a60-5d8d-4fc8-80af-25a993c3b626,Play Store,My order has been cancelled a few days ago and yet it says out for delivery and hence I'm unable to get my refund,1.0,2026-08-03 11:17:17.000000,4.0.3
play_e29819cd-0128-4ed1-a067-752c7bb9998d,Play Store,I had placed at order and cancelled the next day by calling up their customer service. it's been almost 25 days and I haven't been given my refund. Made numerous calls but the service is pathetic. I don't think I would ever use this platform ever again,1.0,2026-06-09 11:20:08.000000,3.9.9
play_cc52169e-9f07-404c-a9b7-4c6628b89464,Play Store,I need many discounts above 500 purchase and deliver good quality and I keep on reordering in this app and give many discounts,5.0,2026-08-22 15:38:29.000000,4.0.4
play_e036186a-13ce-4388-afcd-42d38f826b8a,Play Store,even I am a prime customer i don't get my order most of time they delayed or canceled by courier company even customer care don't care about customer they just want new order and it's never ending loop,1.0,2026-07-25 12:58:14.000000,4.0.2
play_99f4cf3d-8ab0-41bc-82e7-129e7e15c564,Play Store,Horrific experience. Raised a return request for a defective product in March. It was finally picked in the first week of May. But I still have not received the refund. Calling customer service is an utter waste of time because they parrot the same scripted responses without even listening to your concerns.,1.0,2026-06-06 11:56:23.000000,3.9.9
play_709b4e19-8118-496c-90cc-18f0acff6eb6,Play Store,worst . customer service. too much delay. even after paying money they didn't deliver the product.. cheaters,1.0,2026-08-30 14:26:30.000000,4.0.5
play_a14ce759-c687-46bb-9f7c-b9581e36896f,Play Store,disgusting please anyone can't buy anything from this app my foundation is damage and I try to return but return photo option is not work,1.0,2026-08-29 12:02:07.000000,4.0.5
play_a66c127c-90c4-4ecc-891b-d91d0b4fe738,Play Store,delivery is very poor i ordered in Aug 14 now aug 29 but the item was never delivered. they change the delivery date day by day,1.0,2026-08-29 12:42:44.000000,4.0.5
play_ed4a7515-89b5-4dc4-8c4b-1edf1f292b14,Play Store,I have a worse experience with nyaka my order is not delivered since one last week and everythime they show unsuccessful delivery .,1.0,2026-08-01 15:20:47.000000,4.0.3
play_b79f22f2-3889-4778-9060-57f679381890,Play Store,nykaa is the best shoping aap Their products are always original and their delivery is also fast. I love shopping from Nayak.,5.0,2026-07-24 11:05:55.000000,4.0.2
play_5de41b52-a8b2-4d29-a348-a4fcda92f576,Play Store,"bad do not delivery my product, daily change date so very bad i orderd for june 8 then not delivery then change date to app 10 not get then 11 no idea how get my product what is these?",1.0,2026-06-11 10:51:49.000000,4.0.0
play_9415c1d2-f6e5-4b5f-9cc3-afcc8a27dc2e,Play Store,products are not delivered at the mentioned time..sometimes the orders are getting canceled..taking longer to deliver that too in a busy city,4.0,2026-07-08 21:23:50.000000,4.0.2
play_cee8cac6-ef8c-4271-80d3-a44d27517262,Play Store,"Excellent app! Authentic products, attractive offers, secure payment options, and timely delivery. A perfect platform for all beauty and skincare needs.",5.0,2026-06-16 11:05:18.000000,4.0.0
play_614a4150-c914-4645-9c0f-863ed08517aa,Play Store,all products are in nice one thing I want y day that try and buy idea is very nice . because of we don't waste money on wrong products . I love this app,5.0,2026-06-26 22:28:29.000000,4.0.1
play_6af03af3-ab38-4cdd-b183-4aab3e5c4bdb,Play Store,compare to other platforms the products are available and affordable one more thing if it is come with compact size also every products it will help us to try more products,5.0,2026-07-29 00:40:59.000000,4.0.3
play_f6d41cf1-09c7-45eb-8d5f-d885ceb89476,Play Store,"""Great shopping experience! Got amazing discounts on my first order and the interface is very user-friendly. Highly recommended!""",5.0,2026-07-18 10:17:37.000000,4.0.1
play_989ca607-ea3e-443f-ad84-16a7644bc087,Play Store,I ordered some stuff from nykaa and it showed that they will deliver my order after 5 days till now and now it showing I will get it after 2 days app is good but very late delivery,2.0,2026-07-05 16:33:21.000000,4.0.1
play_cc0bec21-e40a-4a3e-b92d-11a8e3755225,Play Store,i have ordered something in this app one kay beauty kajal and one lipstick but kay beauty kajal was not working so I have to return the order but they refused they cancelled my return,1.0,2026-07-11 13:44:48.000000,4.0.2
play_5d74f880-e967-485e-bde3-53f7c8b8f1c5,Play Store,"my order is literally delayed for 3 days. today was the actual estimated delivery date but the tracking link was not updated, i was not informed in any way that my order is being delayed also when i went to the app to check it was till showing that my order will be delivered today. it was then when i talked to to the via chat, they updated the delayed date on app. why ? i wanted those products before 10 june that's why i ordered it earlier now i won't be able to get them soon.",2.0,2026-06-07 21:18:35.000000,3.9.9
play_f0512cd4-4b53-498c-a51e-351664a92295,Play Store,"Good service and fast delivery, but Nykaa always gave me free gifts before, and now they don't. I'm also a prive member, so they usually give gifts on my birthday, but this time they didn't. I'm little sad about it.",5.0,2026-07-17 15:51:53.000000,4.0.3
play_6a39fbe8-b714-41e7-af07-20915dbf8d83,Play Store,"Very bad customer service. Whenever I order something, it always gets delayed.",2.0,2026-07-08 15:43:27.000000,4.0.1
play_e9f5bd6f-e978-44b9-aec2-8eb5dbab6ed0,Play Store,pathetic experience they are cheater they send you defective product and when you ask them to return they don't accept return and when you ask them to replace the item they say that we will review and after that we will approve the replacement,1.0,2026-06-24 22:44:51.000000,4.0.1
play_c20609ba-393b-4ffe-aeff-51d12bb8c722,Play Store,worst service by the app.... my order continuously got cancelled... because of your internal problems.... and the solution was not provided properly,1.0,2026-07-13 14:45:26.000000,4.0.2
play_d1048d87-16bc-4668-97cd-eadeb5d468fc,Play Store,"poor,,,bad bad,,horrible experience this is third time nykaa failed to deliver my product bow I will never shop on this app and recommends frnds also that don't use this timetaking and stupid app,,,I had ordered 3 product expect date today one day delivery whole day I'm waiting now they postponed 9 july stupid and mahaaaaaaaa ghatiyaaa app",1.0,2026-07-06 18:22:49.000000,4.0.2
play_49b07f53-c133-46c9-8740-fb6541637b56,Play Store,excellent and good customer service they resolved the customers problem within 30 min I like this kind interaction from the nyka,5.0,2026-07-19 11:15:17.000000,4.0.1
play_10e65e6a-e6d8-4be4-8b8c-6294a13a9c6a,Play Store,"very bad experience with nykaa never expected this didnt deliver the product and they refunded only half the amount didnt expect this from nykaa its on of the best brands in india, customers trust you and the service you provide is this bad!! !!",1.0,2026-06-26 10:05:29.000000,4.0.1
play_62a934fb-8be8-4b50-b5c7-f81f4f649116,Play Store,"No doubt about the products but delivery is useless not on time only online payment delivery is good but in COD they will not deliver the product, the delivery man just will call and tell you today I will deliver your product but no response full day we should wait for them and the other day we will get the msg your order has been cancelled",3.0,2026-07-02 12:52:57.000000,4.0.1
play_2519dfe2-3fa7-4598-bc9a-405e9184a294,Play Store,third class app and their services. no option to change details due to which they don't deliver orders.,1.0,2026-07-04 06:36:04.000000,4.0.1
play_d2feaa58-068f-441b-9420-767e601f7454,Play Store,overall a better app something which disappointed me is platform fee compared to other shopping apps it totally high.,3.0,2026-06-19 17:18:04.000000,4.0.1
play_3ba9f65b-6e6b-4f58-8b73-97b94a5ed966,Play Store,"first order placed , bad experience, order not delivered on time , where as its already out for delivery and the chat support is worst",1.0,2026-06-12 22:11:59.000000,4.0.0
play_f7ebf012-e1c1-4a13-ac39-9296c44a9813,Play Store,"Waste app and not delivered on time, items cancelled, refund not given, this company. And the customer response is totally bad",1.0,2026-07-13 12:11:22.000000,4.0.2
play_ed5e3d75-497d-41e6-8fe4-47abe260e19d,Play Store,"Nykaa gives gifts to everyone, but I haven't received any gift with any of my purchases so far. I am very disappointed.",1.0,2026-07-13 13:28:20.000000,4.0.3
play_c9bec15d-1393-4614-8e7b-09bc0fdce331,Play Store,"new scam Alert of nykaa. They send somebody's else order to your address and whatsoever you do , they will not reply or talk or their automated messages are sent. Full scam going. check online for videos. lot of people talking same. no refund . loss is yours. customer care is worst.",1.0,2026-06-21 14:37:18.000000,4.0.1
play_8cd204a5-7851-4a0f-b411-36f9c95234cd,Play Store,"very bad service , no response any call any mail my product 9th jun delivery but still pending today 17th jun cancellation option not available payment allready done very very bad service i hat nykaa .",1.0,2026-06-17 10:13:46.000000,4.0.0
play_ece87e4b-16ff-4b9e-9be0-3ce2f457f1d1,Play Store,yeah a great app .... for usual shopping but a little expensive than other apps but yeah great delievery and availability of products,4.0,2026-07-10 18:44:18.000000,4.0.2
play_2e5dc455-1954-4054-864d-e18b698d9158,Play Store,worst app worst customer care ....when u want to return the product they reject ur return request...nd say that the product is non returnable.... worst experience frm this app,1.0,2026-06-24 15:48:23.000000,4.0.1
play_d542f813-0740-4fcc-9a7e-b62ad9084cef,Play Store,very bad as there is no option for lodge a complaint about the missing product... u can only find the options of return Only,1.0,2026-06-20 15:18:17.000000,4.0.1
play_9fa3255f-4ebc-4f20-9ef4-17fbb3a7be57,Play Store,"Nykaa is too good , Offering good products . giving samples for using the products to get the touch and feel process.",5.0,2026-06-12 13:03:52.000000,4.0.0
play_0f1f6802-b6e5-452f-bab9-f0741d1aea04,Play Store,nykaa os just a disgusting app deliveeing fake products my skin is damaged. 😡😡and not delivring my parcel not refunding how could you do this to anyone only irritating by calling and calling I never been shopping again. worst,1.0,2026-07-18 16:21:30.000000,4.0.3
play_d923c03e-a83c-4580-b86a-7602b5511c71,Play Store,App is not much useful for at all....offers nd PR packages stunt only ... only less % offers .... defientely one nd only the worst experience ever had...,1.0,2026-07-26 00:52:01.000000,4.0.3
play_c572ed4b-d27d-4737-a211-def486dfba51,Play Store,"very bad experience with courier service. In spite of telling them my problem,there is no solution about that.They are incapable to make their service smooth and not helpful also.very disappointing.",1.0,2026-07-30 22:36:13.000000,4.0.3
play_fe463817-3fa9-4f99-85a7-d072f929c624,Play Store,"very bad experience....3days waiting but order not delivered ....now refund is pending..... 12/07/26 i order a product bt 5days out not refund my money....most 3rd class app....refund my original UPI account 😤.....don't make fool...otherwise I complain cyber crime police station.... they r not received my calls, today 25/07/26 still i can not refund my money....froude app ,,,they can not refund..I must complain cyber crime about this app",1.0,2026-07-30 12:56:09.000000,4.0.3
play_0852c4d0-dba3-4fad-a569-7f1342bb15a0,Play Store,very bad......!!...the first I used this app to order something alright nd the order was supposed to reach me on 8 jun Monday..nd I have talked to the delivery personnel nd every time they ask for the address like I have given my address to the app...ask them... alright even when I tell them they cut the phone nd then I get the mssg that ur order was not delivered because I was not available like I literally just told ur delivery guy my address gave him the direction nd that guy refused to come,1.0,2026-06-11 11:56:07.000000,4.0.0
play_e77a6f65-329d-453c-8ee4-9b978bb84b4f,Play Store,delay in the delivery product reached the nearest hub 3 days ago. but still has not been delivered ☹️ very bad experience .please help me out.,1.0,2026-07-12 16:56:59.000000,4.0.3
play_791b12ec-b6ef-4bcd-a634-38620ab60217,Play Store,"I never thought Nykaa would scam me. Nykaa is a reputed company but they scammed the customer. They are not helpful and say we are lying, but the customer has all proofsOrder came in an empty box with cash on delivery payment. Later driver came again to deliver the missing unsealed used moisturizer. This was the driver’s mistake. The carrier did not mark status as delivered, so Nykaa shows item is returning. Customer sent email with screenshots but they are not accepting. Supervisor Komal does",1.0,2026-06-18 08:56:52.000000,4.0.0
play_32c1b98a-09c7-4edc-9596-d2f3b1249b3f,Play Store,"worst service, delaying same order multiple times from last 3 orders and current order. very unprofessional customer care",1.0,2026-07-24 22:11:12.000000,4.0.3
play_c4856b2b-d171-4d60-aeea-3aa5128a9fd3,Play Store,uhhhhh Actually in many videos they said Nykaa has the fastest delivery and I trusted that but it has been 1 month till I didn't get any of my products order except one.,1.0,2026-06-11 18:17:19.000000,4.0.0
play_2ae4e433-deca-44a9-be46-5cd49c80c078,Play Store,I have ordered beauty items for 2000 rupees. but these fraudulent app didn't deliver my order and i lost my money,1.0,2026-06-28 14:38:40.000000,4.0.1
play_dc72d44f-ed90-4cc0-ba2a-776756fb25af,Play Store,this app is very bad at all Amazon is good because this app does not take return or refund or replacement I really get disappointed because of this app it takes my money,1.0,2026-07-22 13:41:41.000000,4.0.3
play_a8ceba61-23a2-4a3c-8551-aa15bb18afff,Play Store,"Delivery is so fast: Unlike many other online shopping apps, I receive the parcel on my doorsteps without any arguments.",5.0,2026-07-16 16:06:25.000000,4.0.3
play_67d744ed-7d74-42d1-be90-7353503c0882,Play Store,"no response for complaints. they didn't deliver multiple times. try using other sellers like myntra, meesho etc.",1.0,2026-06-11 09:17:01.000000,4.0.0
play_71a387a9-62f7-4d68-88fb-f26eb94f8eef,Play Store,my orders keep getting delayed. I've tried getting in contact with them and they're not responsive,1.0,2026-08-19 17:05:01.000000,4.0.4
play_19fba3d7-2736-4c2a-b07d-b1786daa273a,Play Store,"Great platform to Shop Beauty Products. Easy navigating, good options and easy tracking",5.0,2026-07-23 13:19:32.000000,4.0.3
play_30da0c2c-51e6-4054-99e9-727c645c8052,Play Store,it says free sample on first order. . but page never opens. some kind of app glitch.. really disappointed 😞,1.0,2026-06-13 00:12:13.000000,4.0.0
play_1bbe4231-8ab7-4f77-a6e3-6cec03868348,Play Store,it's really great full... the price are really helpful we can get any products from here.. I love this app🥰💐,5.0,2026-07-20 21:11:45.000000,4.0.3
play_5d1b295f-7c0e-42ad-87bd-297c0966e352,Play Store,Good app that is easy to navigate and pay thought but I cannot submit reviews for products that I have bought recentlt,4.0,2026-07-23 20:38:27.000000,4.0.3
play_cc07c08e-02f9-47a9-b251-6aebc0911dec,Play Store,"nykaa is the worst app, the deliveries are always delay and their delivery person show delivery failed without even contacting you....very irritating app",1.0,2026-07-27 14:54:48.000000,4.0.3
play_dd6d9573-c0c8-4dae-829b-44b73caca296,Play Store,"it's a very good and it have easy access to all makeup products , skincare , body care , etc .",4.0,2026-06-30 19:38:35.000000,4.0.1
play_0a266d65-7bc7-425d-9c41-193b67c4fb7f,Play Store,"For the past 3-4 months, deliveries have consistently been delayed, and they end up cancelling the orders themselves due to the delay.",2.0,2026-07-10 15:30:31.000000,4.0.2
play_dee3883f-93c9-430c-92d5-1b9f4d942e14,Play Store,Nykaa is and will always be my favourite beauty shopping application. Nykaa has never disappointed me with their products or services.,5.0,2026-06-22 21:51:48.000000,4.0.1
play_8651e842-a68d-4a77-b414-497b06bcbaaa,Play Store,it doesn't give proper product and they take all money and when we return they don't return they are so cheap hate that app don't download it worst app,1.0,2026-06-14 14:46:07.000000,4.0.0
play_9d9a3bd7-7d90-480b-88c1-3b010197fd01,Play Store,"fake product sell If you buy anything from Nykaa, the seller cancels the return request after you submit it. Amazon is the best. Please don't buy anything from Nykaa; you'll face trouble if you try to return it. And this new seller is paying for reviews—getting 5-star ratings across the Play Store and various websites—to fool customers.",1.0,2026-06-14 17:37:18.000000,3.9.9
play_d10d7174-c238-428c-b3a6-f426bfff88b1,Play Store,that's such an amazing app but sometimes cash on delivery is not available so we just got a bit prblm but it's okkk...🤍,5.0,2026-07-16 00:00:36.000000,4.0.2
play_2dcdc6f9-58dd-41d5-9bcf-1f9c322aa3bc,Play Store,I have ordered something and they have sent another one and are not ready to return... pathetic experience .,1.0,2026-06-09 21:59:35.000000,4.0.0
play_8f878e4a-6765-4506-9957-7e5d9ecd5d2e,Play Store,very bad app they are not credited my money to my bank account they anly nyka wallet how to use my i acnt purchase any product from this it's very bad and irresponse,1.0,2026-07-14 14:33:02.000000,4.0.3
play_a8cdbbef-220a-4187-9ecb-22ad65fcb75f,Play Store,"Nykaa have such good products from really great brands that are also very affordable, I really like this app.",5.0,2026-07-25 01:48:30.000000,4.0.3
play_d82211e4-d28a-48d8-9d4d-a91c17d6d6c3,Play Store,worst experience ever. The product is not delivered on time. They keep on postponing the delivery date.,1.0,2026-07-28 16:49:55.000000,4.0.3
play_a6b7f11e-8db0-4868-93c8-55d44d6bcd2f,Play Store,"Worst delivery service ever. My order was out for delivery twice, and both times the delivery boy put a fake remark . Highly unprofessional.",1.0,2026-06-25 13:29:31.000000,4.0.1
play_9c7c658f-2e04-4b35-8d0b-57fa813ef0bc,Play Store,"your app performance is very slow and you should work on ui 😕, and the latency",2.0,2026-07-19 15:53:34.000000,4.0.3
play_129e1e00-7bb2-4eb5-ab69-afabe918ffbb,Play Store,"This app is great, fast and really easy to use. The interface is also nice. I'm using it since 2023.",5.0,2026-07-15 18:08:00.000000,4.0.2
play_d655fc60-955f-47e6-9e7b-b41260adfed2,Play Store,"vry poor customer service..poor experience i ordered 10-15 items of makeup in which i didnt received my kajal.. When i asked for help.. They replied that the order had been placed from their end and it was no longer their responsibility. I ordered something from Nykaa for the first time, but I am very upset....This might be the last time if no action is taken—because today it’s a matter of 200, but tomorrow it will be 2,000.....I will make everyone aware not to order from here.",1.0,2026-07-23 20:19:36.000000,4.0.3
play_5c69fda0-eb22-4de3-b2a8-76d6d30edee8,Play Store,they don't have proper customer support only automated call and chat they have.,1.0,2026-07-25 12:41:49.000000,4.0.3
play_73c91a26-91cf-4f48-a475-692453f3f26d,Play Store,"sometimes confused at the time of order, no clear about offer and product count",2.0,2026-07-20 22:06:35.000000,4.0.3
play_1faaa7ce-4926-4492-bd63-b86707c2e985,Play Store,it's bad app ..my item already delivered shown in my app ..but I not received my item ...it's totally froud app,1.0,2026-07-27 21:12:50.000000,4.0.3
play_e7c46325-d284-4d0a-b5bb-a0cc399053c0,Play Store,I dont know which delivery service they use orders keep reuturning saying multiple delivery attempts made and returned,1.0,2026-07-28 18:35:27.000000,4.0.3
play_f9e9de26-b7f7-448b-bbdd-ce37fd058884,Play Store,"""Very good shopping app. Original products, fast delivery and great offers. Highly recommended!"" ⭐⭐⭐⭐⭐",4.0,2026-07-15 11:28:01.000000,4.0.3
play_c823f837-a0a1-498a-b3ef-62dd8e5b6b8c,Play Store,"A reliable shopping app for beauty and personal care products, especially during major sales events.",5.0,2026-06-22 16:19:40.000000,4.0.1
play_9edfdb20-310a-402a-b0c9-749fb02f2283,Play Store,such a bad service there is no schedule option and if the product is not delivered then the delivery partner is not cooperating and also there is not such a returning policy. also no customer care number to call and tell our problems.it's my fault that I ordered from nykaa. from today onwards I never ever order from nyka,1.0,2026-07-22 13:36:01.000000,4.0.3
play_ff2c60a8-82a2-44ae-a314-6fd218da7a17,Play Store,The service of Nykaa in my place is not good ..i've never received my past order...Now i re order som products I hope I will received this time,2.0,2026-07-08 11:08:22.000000,4.0.2
play_a9a2f6b6-9345-48b7-b9f4-e11ff83d94d3,Play Store,I have received the wrong product.I want to return the product but my return request was cancelled because I opened the product.Please tell me Nykaa without opening how would I know whether I have received the same product which I have order.I want to return the product.Extremely disappointed with your return policy.I want my refund.,1.0,2026-06-17 17:49:57.000000,4.0.0
play_8943bf05-44ea-42c2-bc48-98d50c229951,Play Store,such a worst app I didn't got the delivery yet they messaged that they deivered and the worst delivery person so rude 🙄 meesho is much better I think I want to talk to customer care someone help to recover my issue,2.0,2026-07-21 10:50:24.000000,4.0.3
play_08dc511d-183c-4b5a-b361-77404aa96906,Play Store,very nice experience fast and smooth delivery product quality were also too good really happy to use and order things from nikal,5.0,2026-07-18 21:58:09.000000,4.0.3
play_bed9bcac-b9f4-4e20-b1b1-6ebb598a6f52,Play Store,Honest prices for products and budget friendly app to purchase products this is what l got impressed so far,5.0,2026-07-25 00:10:14.000000,4.0.3
play_9755fe6a-807d-4e6a-9265-aea55f487560,Play Store,I'm not happy with your delivery. I ordered two items because the delivery date is showing me 18th June but I haven't received them yet.,1.0,2026-06-20 15:48:26.000000,4.0.1
play_5f8b69c5-13ef-4897-ab55-725316aceb81,Play Store,every time I ordered it shows 30 minutes delivery. but never get it on same day infact. very disappointing 😞.,2.0,2026-07-11 16:50:05.000000,4.0.2
play_4f442d05-2097-4d50-8a77-d9ab4bc4a928,Play Store,this is so bad nykaa i purchased one recode grip primer and spray the primer is fake it's consistency feel like applying hair oil on my face after using one of my big day got ruined just for you guys and when I applied for return you guys rejected my return,1.0,2026-07-17 13:40:12.000000,4.0.2
play_ee4de52d-130c-4ce3-88ae-c1258c256b23,Play Store,"Awesome shopping app, where every items are so affordable and reliable.",5.0,2026-07-18 13:29:28.000000,4.0.3
play_f7c2ca5f-a459-4470-9fa9-b334d6909385,Play Store,"I have been using nykaa since 7-8 years.My pincode has been unserviceable for months, and I haven't received any help from Nykaa even after multiple customer care calls and mails. My order's are pending and I have an event ahead, what should I do? should I opt for another competative app??",1.0,2026-07-15 09:37:29.000000,4.0.2
play_e3388bd3-61ed-485e-8b28-4c9b3f98a4cc,Play Store,"Nykaas downfall is near, I purchased stronger woth you Intensely and recieved stronger with you absolutely. created return request and was reject, bunch of thieves.",1.0,2026-07-18 21:03:16.000000,4.0.2
play_c6272afd-9cfc-4c83-a089-9a8cee28e301,Play Store,I didn't get my refund on my previous purchase and I paid high while amount on bill was less,3.0,2026-07-18 17:52:20.000000,4.0.3
play_bc03c825-082e-4a5a-b7e8-590816337853,Play Store,it is a great app easy ti use interface but add more payment coupons,5.0,2026-07-24 14:25:16.000000,4.0.3
play_eb520550-7c4b-4f06-9f04-7a9a797d57da,Play Store,The products are good but the delivery service is so poor . How we can trust when you can't provide better delivery services .No contact details to get in touch with the service delivery team. better to switch Amazon.,1.0,2026-07-07 15:12:45.000000,4.0.1
play_c4ffc8a2-97a4-426e-b031-c14cc2cc3a62,Play Store,in my opinion you should order makeup products from make these makeup brands like nykaa and not from Amazon and Flipkart because these provide you special discount.,5.0,2026-07-26 14:57:54.000000,4.0.3
play_8e621796-3916-4419-9d7e-bef3c38c7cab,Play Store,great app but cancellation policy is very poor and hectic even they don't have coustomer care to resolve things. support is good for nothing 😐,3.0,2026-08-18 09:28:36.000000,4.0.4
play_fe4fed2c-a69b-4f3a-9a29-298f97cace2a,Play Store,"I will never gave you any stars . I am feeling very bad experience from your app and delivery partner blue dart . very disappointing things . why you are rescheduling the delivery days . i order the product because I want it that delivery date your app gave me when I ordered but now you are telling mam tomorrow will gave you gave you but when will get it . I recommend everyone that,don't use this app . very very bad worse experience will you feel . 😡",1.0,2026-06-09 16:02:07.000000,3.9.8
play_8ef7dc95-29c2-424a-a1b6-ad09e343bc93,Play Store,All the makeup products good quality and quantity... i love it...,4.0,2026-08-17 08:53:58.000000,4.0.4
play_515dce9d-d5e8-4488-a355-d696a400be40,Play Store,"not available in my country? overall, it is differently a great app, just not so good I'm not able to buy from it.",3.0,2026-08-16 04:39:57.000000,4.0.4
play_00fb1d45-3b28-4162-86f1-47263d5fdb72,Play Store,The most reliable and useful app... I recommend everyone use it.,4.0,2026-08-20 11:29:16.000000,4.0.4
play_132da561-f735-4ace-aecb-5781ec4b4a2a,Play Store,"Ever since I started shopping from nykaa ,I haven't shopped from anywhere else. Love it..",5.0,2026-08-21 20:02:06.000000,4.0.4
play_f4ecffac-80a6-4f51-8392-e855c1e65b0c,Play Store,"I love to buy all products , they are sooo cute and reasonable price....",5.0,2026-08-21 07:28:57.000000,4.0.4
play_4ca5f6cd-217f-430c-ab5d-b3ebedfd51d0,Play Store,good app bcz it's delivered on the same date as it is shown and delivery was fast❤️✨,5.0,2026-08-10 23:14:56.000000,4.0.4
play_b1b4348c-a9be-4936-80ec-b36ede7a00b9,Play Store,best option for every quick delivery and best product 👌,4.0,2026-08-22 11:38:06.000000,4.0.4
play_bd3a2b58-1c33-411d-81f2-d5e35c8c8cc9,Play Store,its a very smooth running platforms where buying our products gets easy and instant,5.0,2026-08-28 17:51:10.000000,4.0.5
play_1ed1f821-dd62-43ee-ac21-f5c0e78b4880,Play Store,order not delivered and more than 2 weeks have past no refund has been done.Contacted customer care several times but still now no solution,1.0,2026-08-21 20:10:08.000000,4.0.4
play_288c3f88-0412-470f-a295-d406d965ebdc,Play Store,payment was not that easy task upi not there only debit and internet banking.,3.0,2026-08-12 19:11:43.000000,4.0.4
play_35927e9d-0564-48dc-bac5-3c39874634af,Play Store,"worst app, please don't download this app as it is one of the worst app, does only one thing i.e scam scam and scam. always my purcel gets delayed and no action has been taken for this by the owner so one of the worst app I am deleting this app! even after complaining they are not giving my purcel what a worst app ever seen!",1.0,2026-08-16 12:34:50.000000,4.0.4
play_1c325cf8-a3b2-49b4-8a19-653a48d2a484,Play Store,"I always trust Nykaa because their products are always good in quality and reliable.""",5.0,2026-08-14 08:55:19.000000,4.0.4
play_3e17ff74-45fe-4a69-8da8-2ca16cbab236,Play Store,very poor experience - Forget exchanges even if you received the wrong item .,1.0,2026-08-12 20:56:06.000000,4.0.4
play_282537a2-dc78-4b07-a781-c88e1d049648,Play Store,"Good stuff is available, the stuff is very useful.",4.0,2026-08-17 01:03:06.000000,4.0.4
play_fbc0be0f-b451-4ec0-bc23-426996225049,Play Store,not supportive system send awrong product and It takes a long time for the return.,1.0,2026-08-24 11:38:44.000000,4.0.4
play_2dad4a22-35e2-414f-a049-f9e20666933d,Play Store,I cancelled a particular order the same day I placed it and it particularly showed tht it was cancelled but it still came and I had to buy it,1.0,2026-08-28 12:41:05.000000,4.0.5
play_4e24ab32-034f-4aba-84e7-dc2868b8b6b8,Play Store,worst experience! These app works by its own if someone order something after few minutes they cancelled it by its own😂,1.0,2026-08-08 20:59:18.000000,4.0.4
play_1f6cad8e-285e-4a7a-ab21-d978a4b11e74,Play Store,very bad experience from nykaa the are not giving me the delivered products the orders are too delayed,1.0,2026-08-17 23:09:59.000000,4.0.4
play_2e8d6405-b658-4ae9-a65d-e8d6b214ccc5,Play Store,The app is very useless. My order was returned twice.,1.0,2026-08-12 15:22:20.000000,4.0.4
play_76032db3-5a71-4d3d-8667-49a7955214de,Play Store,good app for makeup and skin care products,5.0,2026-08-09 23:07:27.000000,4.0.4
play_ce112bae-a733-47e5-bf43-942db3833824,Play Store,worst app nyka app have bug i cannot enter my credit card details cvv please resolve this bug,1.0,2026-08-16 11:08:16.000000,4.0.4
play_39fe76c2-efd0-496e-9933-644664d43918,Play Store,it's been a worst experience this time all the products were being returned without an attempt to deliver.,1.0,2026-08-24 23:08:44.000000,4.0.4
play_1ee37362-35b1-4523-bae2-e12c68077906,Play Store,"delevery delayed, rescheduled, or eventually cancelled . but the customer support team has no solution",1.0,2026-08-09 00:36:37.000000,4.0.4
play_b808ae1f-9960-41b0-af8d-2cbf370b4a7e,Play Store,one of the worst app as i have suffered due to there lack of commitment not customer centric delay in deliveries of product most common i lost trust on this app,1.0,2026-08-23 20:41:13.000000,4.0.4
play_88b0e0f8-07b6-436c-9431-b156e6c8d9cc,Play Store,this app is very helpful with ol d skin care products to hair care..and genuiune product with ol d detail ..ovrall no 1 app in the playstore for skin care.. ..i m vry happy,5.0,2026-08-20 00:27:59.000000,4.0.4
play_e7857ca0-a2a6-4d01-a673-f1e2147c99ef,Play Store,very bad customer service also received used products no one incorporating my issue,1.0,2026-08-20 19:42:23.000000,4.0.4
play_56633950-f41e-462e-919d-5a8449abf713,Play Store,affordable products .wish more products in low budget. find this app very affordable and helpful thankyou for offering us a offer like this 😭🫠,4.0,2026-08-15 22:05:02.000000,4.0.4
play_5a90a1df-beeb-4c30-ae4f-28fa9a80c89d,Play Store,amazing even famous and non Indian makeup are available,5.0,2026-08-28 20:00:12.000000,4.0.5
play_9632bd2f-39b2-442a-b5f8-1687d7870c40,Play Store,the payment option not visible without existing address edit or required to add new address.,1.0,2026-08-23 06:48:53.000000,4.0.4
play_6b489f95-7c8e-4999-abea-10945d70320f,Play Store,Good stock of authentic items. Fast delivery.,5.0,2026-08-21 08:31:26.000000,4.0.4
play_03710c90-37c0-49dd-a360-056d0279d204,Play Store,"Life saver, good products at good prices",5.0,2026-08-13 04:44:59.000000,4.0.4
play_b21d3b97-843b-484e-a5a1-4a789461c8b3,Play Store,Very bad !!! be careful you be cheated as I was. I received an empty box. And no complaint was attended to,1.0,2026-08-09 12:58:04.000000,4.0.4
play_0ca34b1b-1f8e-45ac-9cfa-983c5128d9a4,Play Store,"Earlier i used to shop from nykaa only but these days nykaa is not trustworthy anymore, i ordered few stuff from nykaa on 5th of aug and it is not been delivered yet",2.0,2026-08-11 10:25:58.000000,4.0.4
play_39679c2d-506c-47d0-8321-1bb82ae8339c,Play Store,"their customer service is pathetic. I order a Moi perfume which was completely spilled and bottle was empty when I unpacked. I raised concern ,however no action was taken.Neither i got areplacement nor a refund.I am never buying from Nykaa again",1.0,2026-08-19 07:07:13.000000,4.0.4
play_6202b038-1484-48cc-bc87-3a31a71adbfa,Play Store,"the delivery process is vey bad ,the nykaa is not responding even the delivery person also not responding, and i haven't recieved my product it's been delayed by 7 days till date , the delivery person is complaining on me that im not responding to his calls , he haven't called me atleast once, it's total waste of money",1.0,2026-08-08 18:10:58.000000,4.0.4
play_26b89e60-feae-4e17-bcd7-22afa57e1291,Play Store,worst app ever. the delivery is so late and there is no way to communicate with the delivery partner. worst tracking services. worst help and support once you order something. prefer other apps for faster delivery and good tracking support.,1.0,2026-06-06 17:14:57.000000,3.9.9
play_622df3bc-9581-4785-8c95-3605e38c2581,Play Store,"very poor experience with it specially it's return policy is very poor because they didn't clear return and replace on product while we return they declined return or replace without any satisfaction explanation, I faced two times these problems so I suggest to everyone didn't order any product from this site if you ordered they not return and replace it's too headache.",1.0,2026-06-08 10:36:43.000000,3.9.9
play_4d4b0183-b83a-4bf0-a40c-f80d74243587,Play Store,I am happy for.ur all products very timely received and all products are very nice,5.0,2026-08-08 12:11:01.000000,4.0.4
play_89d2bdee-7fe7-4e41-a944-251f4632eda1,Play Store,"I'm writing to inform you that, it's the worst experience ever with Nykaa they are very poor with their delivery service and no action have been taken over 10 days I kept seeking help and no action has been taken to have the product delivered and false remarks are put by delivery attempt unsuccessful. No one has even tried to resolve the concern till date. It's very disappointing and I wouldn't recommend anyone to use this platform.",1.0,2026-06-06 11:20:46.000000,3.9.9
play_b4509236-a033-4472-8243-88bf2999e878,Play Store,very nice but some bugs disturbs me .nd need a nice 199 budget things for students,5.0,2026-08-14 19:14:16.000000,4.0.4
play_c6515b2e-f6a6-49ec-8b83-5f1777714b39,Play Store,"if we order in this app, not to deliver in time, and not update on tracking",1.0,2026-08-13 18:25:29.000000,4.0.4
play_d9f3d497-e71a-4a38-99f8-6cbf94015d09,Play Store,nice but delay deliveries but real products so no issues,4.0,2026-08-15 11:55:17.000000,4.0.4
play_c58b8a37-c944-4604-b3ff-be0289ea80f4,Play Store,worst app they say return is easy but they don't take it even though their products are defective and over priced.. I nearly got 200₹ difference of same product from another app. even not worth of one star...guys don't be their part of scam... their executives are worst. I had a worst experience with them and I literally lost my money and they didn't accept to take return and that's all they can do...they even wasted my whole 3 days,1.0,2026-06-04 20:33:07.000000,3.9.9
play_755505e7-705a-493a-ae1f-c6abefec04e9,Play Store,why every week updating the app? can't you hire better developers. updates must be none mandatory. or else automatically updare should happen.,2.0,2026-08-14 20:15:45.000000,4.0.4
play_320a49fb-4005-4448-b733-5c3bf19b63a6,Play Store,Best App with various collection and offers,5.0,2026-08-11 23:44:40.000000,4.0.4
play_370ad99a-f28c-43cf-83bc-fb4de8015b7d,Play Store,app is okay but their delivery partner is 3rd class like delhivery,1.0,2026-08-14 19:07:41.000000,4.0.4
play_7d6f7eb1-896d-416d-ba17-25a04110460c,Play Store,very bad experience my all items are delayed and no scope of canceled now it's big scam and trapped,1.0,2026-08-12 22:00:23.000000,4.0.4
play_5c8bd504-adcb-4c79-8f00-ce0b89c5ece3,Play Store,I don't know why but I am not getting COD option from past few days do solve the issue,4.0,2026-08-15 18:46:41.000000,4.0.4
play_3339b4b4-8fa3-4f3a-990f-d5605a946466,Play Store,Thirdclass app customer service also doesn't reply.,1.0,2026-08-16 18:55:21.000000,4.0.4
play_24e7dcbd-fcc0-41a3-8db3-d235b6c0520d,Play Store,"Have returned loreal revitalift for an exchange. Now the customer support is asking me for the details of the field agent, his name, agency, ticket number. how am i supposed to know them. 1400/ gone down the drain. I have sent innumerable mails to the authorised mail id. I fail to understand the logic of knowing the field agent's name and other details. This information can be tracked down by your staff.",1.0,2026-06-09 20:07:26.000000,3.9.9
play_017fcacf-0534-4ff4-8409-d0dcf989f4e5,Play Store,this is the best app for skin mackup and i wish when ever I ordered they gives me offered and gift also Thankuu so much nykaaa🩷💅🏻💎,4.0,2026-07-31 11:48:44.000000,4.0.3
play_c7f8bc11-72bb-4c2d-b2e8-8b2915df2729,Play Store,Delivery is not on time when we are not available they will call and tell receive the parcel.. not giving parcel on schedule date.,1.0,2026-07-27 16:23:18.000000,4.0.3
play_2ca56772-3a4e-442d-88d5-2cb96f08e46e,Play Store,"pathetic service, customer support refuses to escalate call and managers refuse to take escalation call. customer support dropped the call upon escalation.",1.0,2026-08-25 12:18:24.000000,4.0.4
play_cb303689-8c26-4493-a30a-ef9af7a4da52,Play Store,worst service.... not delivering items date was given 21st of August and today is 24th August not giving proper information about delivery customer support is also not able to sort out my issue,1.0,2026-08-24 01:03:51.000000,4.0.4
play_bb4e8d4d-5c6a-4caa-81b4-1e8f020a628e,Play Store,I ordered bare anatomy advance anti grey serum on nykaa but it's not delivered to me very disappointed.,1.0,2026-08-21 21:29:32.000000,4.0.4
play_e9074e01-6900-4e01-9a9f-89117cbc6897,Play Store,"response very late,once a delivery boy took my lipstick n never returned nor he refund for that..",1.0,2026-08-13 15:03:02.000000,4.0.4
play_dcbde8e7-7643-46b6-b4a9-17ecf5dc8dc4,Play Store,I'm very disappointed with this Nykaa app. the product which I received was not from the colour that I ordered so right away I tried to exchange the product but it was rejected. so I'm sure I won't shop in this app anymore in my life.,1.0,2026-06-14 00:24:15.000000,3.9.8
play_b11370f0-6d7f-4215-9745-01183f1fca99,Play Store,i have place order nd it's been 11 days they r just delaying my order. nd even delivery person has not came to my door step nd it's showing that we have denied the order . after telling call centre to cancel the order they r not doing that also . my 1700 money has been stuck nd product too because it was a prepaid order.,1.0,2026-06-11 15:07:46.000000,3.9.9
play_61d9dc81-3b07-4ccb-834a-de1028d52fdf,Play Store,"Great app for beauty and skincare shopping. Wide range of products, genuine brands, good discounts, and fast delivery. The app is easy to use and makes shopping convenient. Overall, a very satisfying experience.",5.0,2026-06-07 20:33:48.000000,3.9.9
play_7c377f18-f0c9-4307-8764-255b36676aaa,Play Store,"I use this Nykka product since 7yrs ,very trustworthy and timely delivery.Tanks you Nykaa.",4.0,2026-08-12 05:54:46.000000,4.0.4
play_9ff83cf7-cfe6-45a3-b932-8f3d6fb81809,Play Store,i got my order was too late iam so disappointed by their action i thought they will be on time and without my consent they itself changed the delivery Date but in app its showing like i changed the date,3.0,2026-08-17 15:25:57.000000,3.9.5
play_66b75c1e-ebc9-48f3-b69e-7067553a18aa,Play Store,"Nykaa has the worst delivery service. I had to get after the delivery agents for four days to get the ordered delivery. There is no attempt or calls to make the delivery and the delivery attempt is cancelled. On calling the delivery agent, they are like we can't tell when the order will be delivered.",1.0,2026-06-10 16:47:30.000000,3.9.9
play_616f5837-08c0-4620-b86f-53842a6e6163,Play Store,I love shopping from nykaa .All products are excellent.,5.0,2026-08-24 08:39:06.000000,4.0.4
play_259c2c25-4d9d-46bc-b4e4-01f234d2a954,Play Store,I like nykaa app so much there are two reason once I order product from other E-Commerce site and they are fake and packaging is same but someone suggest me shop on nykaa they only sell authentic product so thank you nykaa,5.0,2026-08-12 12:43:44.000000,4.0.3
play_f5280c9d-16d3-48b9-9159-72152056b85a,Play Store,good nice need more offers and less price...,4.0,2026-08-22 13:50:35.000000,4.0.4
play_0487e2d5-4b2c-47a4-8ce8-cf5b11ded584,Play Store,I will order 15august 2026 not now i'm not received my iteam. now we call help line nykaa they are tell order should be returned. how to possible with out any information. also nykaa staff he bad behaviour he use a bad language,1.0,2026-08-20 18:38:31.000000,4.0.4
play_b565fe92-a401-477a-9cd9-0d97b0b42f3a,Play Store,"nice but pls change the interface to other color , i hate pink color",5.0,2026-08-27 21:11:04.000000,4.0.5
play_fda5e374-85a1-4fad-aa92-870f2db577f0,Play Store,It is the worst app I have ever used it is not like Flipkart or Amazon they deliver wrong size and they don't even accept the return request they just tell that we will pick up your return item tomorrow but that tomorrow never comes they just make us fool!!!,1.0,2026-08-10 20:29:02.000000,3.9.9
play_def27d1d-44f4-47e2-9c34-69013b1c8db8,Play Store,"u don't have good customer service atleast do that well without a good service u can't exist in the market haven't your team studied swot analysis, 5 force model pick top brain use ur money to attract customer u already have alot competitors be serious on ur existence",1.0,2026-08-28 18:41:44.000000,4.0.5
play_0de9edfb-a11b-4c9a-9a58-dfdccab6fbc1,Play Store,The delivery date just keeps extending....and they do have proper tracking.....bad experience in terms of delivery date. Though your discounts are good what is the use if you can not deliver on time. Pls look into this. thank you,2.0,2026-06-05 18:33:00.000000,3.9.9
play_e68be2a1-f8e5-456f-a9e2-aa519bb76253,Play Store,Delivery delays and unprofessional application performance were significant issues. 😠,1.0,2026-08-12 12:29:36.000000,4.0.4
play_0aa45bbe-802a-4e6b-b452-8f7d0e5e252e,Play Store,"order getting delayed from past 1 month, i ordered 2 times and waited for 15 days still not received",2.0,2026-08-10 10:19:58.000000,4.0.4
play_c1be41b8-1fe8-4b43-85f5-9f7c0ef35c5a,Play Store,"Dear all Nykaa supporters, Blue Dart has rejected 10 of my parcels, and I have called Nykaa Customer Care around 20 times requesting delivery support, but I have received no proper response. This has been a very disappointing experience. I am choosing to boycott Nykaa because customer satisfaction and service should be a priority. There are many other platforms available that offer better deals and more reliable customer support. #BoycottNykaa",1.0,2026-06-06 06:32:59.000000,3.9.9
play_e3fba9f1-4936-46b1-bce0-42a2490af707,Play Store,bought 3 product from Nykaa all of them was replaceable/returnable but when I return it due to size issue and from other product threads were coming out from the product but my return request got cancelled....was a huge fan of nykaa but after this will never bring a single thing from nykaa ever again please guys prefer other platforms where you can easily return or replace without any issue please go for other platforms nykaa is becoming worse day by day,1.0,2026-06-15 16:54:34.000000,3.9.8
play_7b8b2ea9-472c-4da8-81a2-e9d7fd6f375b,Play Store,Offers are limited and coupons also come with several conditions. no real discount. I found some products cheaper in other platforms,1.0,2026-06-17 21:09:57.000000,3.9.8
play_c9b22b5f-0442-4117-a739-7d5da49cf55a,Play Store,Very bad experience. Free product was really suspicious. It was leaked and there was no return option for the product. The real MRP was tampered with their own 0.01 rs. (free) and there was neither manufacturing date not expiry date on the product.,1.0,2026-06-07 18:11:43.000000,3.9.9
play_a612fe90-7142-4a0b-85a9-e660b507384a,Play Store,"refund takes too much time, customer care executive will tells you refund will be reflected in your account in 4-5 days I have order 3 products on 25th may one product I received from them on nykaa now and other 2 products are cancelled by themself the I got a call from blitz (delivery partner) and he said you have to cancel the order can't be delivery just because my pincode was wrong, I didn't a logic if my pincode was wrong then how can they delivery one product from nykaa now?",1.0,2026-06-08 13:19:16.000000,3.9.9
play_75ca6031-e552-45b1-aaa0-76f447c6ecc9,Play Store,"Such a fraud app and courier service😥, i got scammed by 19,000 rupees which I saved for my education. I used various apps like flipkart , Myntra etc. never something like this happened. I suggest don't buy anything from this app.",1.0,2026-07-25 20:32:08.000000,3.9.9
play_542e74f3-0d91-4c1a-b0fd-324d59a294b0,Play Store,"I recently placed my first order on Nykaa and had a wonderful experience. The packaging was beautiful, neat, and very secure. I also received a Luxury Box, which made the unboxing feel extra special. Everything arrived in perfect condition, and the entire experience felt premium and convenient. Thank you, Nykaa, for making my first order so memorable! 💖✨🎁",5.0,2026-06-15 18:28:52.000000,3.9.9
play_2b7c8ab8-b0f3-47a6-9c14-e48a1f284aa6,Play Store,30mins delivery never gets on time. Moreover no option to cancel the order. Previously this app was good. Now it's getting worse day by day.,1.0,2026-06-08 08:25:26.000000,3.9.9
play_7b4911f2-c2a5-4812-b2f1-8e3dff8d0b04,Play Store,"As a loyal Nykaa Prive Platinum customer for years, Nykaa Now has completely failed me. Two consecutive orders went to the wrong location. The first resulted in a forced cancellation, and I’m still waiting for my refund after 48 hours. The second time, the delivery agent was extremely rude and demanded extra money. Customer support has been useless. Disappointing service; looking for alternatives",1.0,2026-06-11 21:36:18.000000,3.9.9
play_f053b1e0-670c-4672-93b3-a426b1ddf35c,Play Store,"for the last 2 orders, every time delivery got delayed. the previous one came 15 days later to the actual date of delivery, after multiple complaints. No real conversation to help you. Nykaa is going worst day by day. I'm a prive platinum member of this platform!",1.0,2026-06-07 21:52:23.000000,3.9.9
play_5b0ba8c3-884b-4ebb-b48f-d769b2e5ce2b,Play Store,I've experienced 2 times with Nykaa delivery failure. They r using Delhivery Courier support and 2 times they undelivered the product without any calls or intimation. Even the Customer Representative promised on delayed delivery and next day its canceled and way back to warehouse. Not at all recommended Nykaa for future orders even it have good offers.,1.0,2026-06-18 12:51:43.000000,3.9.9
play_0660220a-232f-4a69-8d3c-6addb027f110,Play Store,Rubbish service. Making me wait for such long time for just few products which I ordered on the 1st of June. Customer service also is not sure when the products will reach me.,1.0,2026-06-09 19:28:09.000000,3.9.9
play_c3c475c0-feaa-4587-96b5-966adad2615e,Play Store,"disgusting app very bad customer service, ordered a product, but they delivered a used and incorrect item. When I requested a return, they said that my return request was cancelled because I had opened the box. This makes no sense how could I know that the product was wrong or used without opening the box? This is clearly unfair and feels like fraud Maine ek product order Kia inone used & wrong product delivered kiya aur jab maine return request ki to inka kena h ap ne box khola isliye fraud h",1.0,2026-06-08 11:51:12.000000,3.9.8
play_bfde3c76-1c1e-4f30-9e7a-25a7a71fc1f1,Play Store,"very bad service, I ordered faces Canada Green Kajal 2 times but didn't get the order, every time it failed to deliver. still 15day's over but didn't get My order",1.0,2026-06-17 16:42:27.000000,3.9.9
play_16c921de-49ce-4721-9c31-d10d8c030959,Play Store,"amazing app..easy to use, accurate shade matching and lots of make up and skin care products option..",5.0,2026-07-04 11:43:59.000000,3.9.9
play_d891bbff-249f-42c7-b2ca-21debdbbf47c,Play Store,"The app works perfectly, and they offer great deals and quick delivery. With premium, authentic products, it is overall the best shopping app.",5.0,2026-06-04 08:57:36.000000,3.9.9
play_a3ed4bdd-6170-4bd0-ac7b-6b8eba01c9db,Play Store,"it's a really amazing ,wonderful app I have used. I'm happy to buy products here 😀 there was always a discount i received.",5.0,2026-06-29 18:22:37.000000,3.9.8
play_365b1eb4-71a8-4575-a190-2bb9da94a499,Play Store,worstest experience from nykaa..first they dont send proper product then dont provide refund and replacement,2.0,2026-08-12 13:35:38.000000,4.0.4
play_979548ae-82ac-4325-ae2d-2c2d27f186c8,Play Store,it's a good app and their offers and discounts were soo awesome....love it!😍😍😍,5.0,2026-08-12 12:53:57.000000,4.0.3
play_8a9bc4a6-077a-441f-95ce-23a89513e7de,Play Store,good products available and very smooth checkout the overall app is great.,5.0,2026-07-05 19:05:04.000000,4.0.1
play_78dc4773-0e2e-4f1f-9b28-3cbabf4cac19,Play Store,nykaa is best platform for shopping and my keyboard doesn't have words for it,5.0,2026-08-14 13:55:48.000000,4.0.4
play_a4bacd0b-c44e-497b-a0be-576d34588934,Play Store,"I am extremely disappointed with Nykaa's customer service. My refund has been delayed, and despite contacting customer support multiple times, I have not received a proper update or resolution. The lack of communication and responsibility is frustrating. Customers trust Nykaa with their money, but this experience has made me lose confidence in the platform. Delaying refunds without clear information is unacceptable. I expected much better service from a company of this size. I hope Nykaa improve",1.0,2026-08-05 22:12:45.000000,4.0.3
play_d13e44b1-e633-4a33-84ca-1c84cb25f758,Play Store,late delivery and help center is waste of time.they are not sorting out the problems.,1.0,2026-08-20 13:28:33.000000,4.0.0
play_88418ff4-bd52-48fb-b059-93464f40219d,Play Store,worst app very slow app not responding even at 1 month 3/4 time's update notification comes,1.0,2026-08-09 00:53:57.000000,4.0.3
play_fe7213fa-89b6-4bcc-8593-63ea4aba3e34,Play Store,i placed my order on 3 aug and it was supposed to get delivered by 6 aug every day delivery is getting delayed there is no update from nyka they just send you useless notification to buy more products what the use of all this when they can't provide proper delivery on time seriously nykaa survives is getting pathetic day by day,1.0,2026-08-10 15:28:28.000000,4.0.1
play_c398f3c6-cea5-4d0d-9e5b-dda1fb11a14e,Play Store,Very Bad Experience too much Re Schedule My Product And Not Return My Amount I am Not Recommend This app,1.0,2026-08-07 10:58:13.000000,4.0.3
play_1ec40e01-dc73-4d15-b5cd-159d270645e2,Play Store,I love the app because all product are good then other website other app nykaa sale only branded product that's why I am love the app,5.0,2026-08-04 16:04:47.000000,4.0.3
play_80d00ff1-40fc-4bc9-abc5-e9401bc251a1,Play Store,"some time offer good,,and we are happy,some time offer is very bed,,thts why always i m not purchesing,,when offer is good then i do...",4.0,2026-08-04 18:51:01.000000,4.0.3
play_6c2cd996-614f-43db-af83-5e190d8b1de1,Play Store,"I used to like Nyka platform. But, now a days sometime they deliver good service and some pathetic even after talking with executive they didn't deliver order 😕! and history repeated they haven't delivered order even after complaining this to their support team they haven't taken any action and instead look like they are also involved 🙎🙃 Nyka is not what it used to be..it became fraudster company !",2.0,2026-08-04 12:08:21.000000,4.0.3
play_0927fdf6-3df2-425c-8d72-f20181709f23,Play Store,very good👍😊💯 for makeup and skincare products.,5.0,2026-08-03 19:48:12.000000,4.0.3
play_80c332ab-2e9b-44db-977c-622d3e11d697,Play Store,"Best nykaa, feel comfortable for order and then the same payment for cash on delivery and online payment ❤️",5.0,2026-08-18 23:03:23.000000,4.0.3
play_0e54d335-0766-43fb-a745-a9e417a6c875,Play Store,worst online shopping app I have ever seen bcz i placed my order at 21 aug and they show that my order will be delivered at 25 aug and at 25 aug they say my order will be postponed to delivered at 27 and my order doesn't deliver this was my first and last order on nykaa 😡,1.0,2026-08-27 00:14:47.000000,4.0.4
play_3fd6c5f2-967e-4e40-8b99-eed9267cd76a,Play Store,I had to go through their chat and call to finally get my product returned. it was a tough one,4.0,2026-08-04 17:16:29.000000,4.0.3
play_a501e728-87e6-42ff-9664-c2287d90ed47,Play Store,rating is enough no more words required for service.,1.0,2026-08-06 19:30:40.000000,4.0.3
play_5e26b0f6-552b-44c8-acb2-a28af75a6fba,Play Store,I think priceses is very high as compared to other sites,2.0,2026-08-10 19:09:40.000000,4.0.3
play_6d680a0d-fd58-4a36-8308-3af65099360a,Play Store,"Order not delivered on time 👎👎 My delivery was supposed to be on August 2nd, but I'm still waiting for it.",1.0,2026-08-04 23:28:37.000000,4.0.3
play_859ee0db-387c-47fa-be73-94ad7953e9da,Play Store,They can't deliver what I ordered. I won't be ordering anything again. Poor service.,1.0,2026-08-05 07:02:26.000000,4.0.3
play_cd59a26f-00eb-470e-a0e3-2eed1f983bae,Play Store,customer service is poor and ai talking nonsense and rubbish everything same problem its shows products are delivery on the way but not sure ...are mad gys or what please delivery on time I have facing this problem lots of time,2.0,2026-08-16 14:29:29.000000,4.0.4
play_09ded9f4-4e65-4742-905f-bc1310637d37,Play Store,The item ordered was not available in sufficient quantity. It was urgent. Very bad service.,5.0,2026-08-05 18:49:34.000000,4.0.4
play_e53c221c-faee-4127-b98b-303e36f1cc8a,Play Store,worst experience... they don't give order on time and also not give a reply of your mail & not give a refund.. very bad,1.0,2026-08-02 21:23:00.000000,4.0.3
play_739d326d-f473-4581-8f70-598f9de04e14,Play Store,"I have order an item,it suppose to be arrived within 05 days ,it's been 07 days stil the item is not served",1.0,2026-08-01 19:08:35.000000,4.0.3
play_ba571da0-3b97-47e2-bad9-a0de89ea8bab,Play Store,Easy to order and all brands are available for womens. First time order.,5.0,2026-08-02 10:36:56.000000,4.0.3
play_6dda338a-608c-4d2b-ac66-f93c01fcb5f1,Play Store,items not delivered on time all the time it is showing delivery unsuccessful,1.0,2026-08-06 05:28:54.000000,4.0.4
play_8f3677c8-a3fe-411e-a145-30bcf3c8eb6e,Play Store,They deliever the opened products to the customers and when asked for the refund then they deny by saying that product is opened. worst experience,2.0,2026-08-06 11:17:11.000000,4.0.4
play_80a75825-492f-4b65-bca3-ab9c593fa1c7,Play Store,"worst returning policy,I've tried more than 3 times and Ive waited over 1 month but the response was worst.",1.0,2026-08-08 21:11:07.000000,4.0.4
play_2511dc25-af51-4ce6-8b21-50eee92d3230,Play Store,Lovee this app . It's very good and they also apply discounts sometimes. ✨🌷,5.0,2026-08-02 09:01:31.000000,4.0.3
play_4a4411d5-9c6c-4dff-acb5-abf89b958793,Play Store,worst experience from Nykaa not expected it to be such bad my order has not been delivered since 1 and half week and the delivery is also not good not recommended anyone to shop from it,1.0,2026-08-03 15:42:31.000000,4.0.3
play_3c30f03d-8bd6-4dc9-8baf-446d058322f7,Play Store,It's a good option for online purchases. Thankyou Nykaa for the bestest products.,5.0,2026-08-02 15:10:52.000000,4.0.3
play_516320d0-8639-432a-bc3d-53bb03bd60e2,Play Store,worst app ...first they send wrong product and then they not even refund your amount...the customer service is worst worst,1.0,2026-08-02 14:10:08.000000,4.0.3
play_4b187297-6e1a-421c-91fa-ecdd24d8a8e2,Play Store,On Average Quality of Product & Very Costly According to Quantify,1.0,2026-08-22 21:32:45.000000,4.0.4
play_b2eef63f-edbc-41fd-9401-230e4f22a714,Play Store,Products are not delivered on time as promised and pathetic customer support as well,1.0,2026-08-11 12:07:39.000000,4.0.4
play_aeb6e409-4b20-4d65-8572-416558f248ea,Play Store,I will never order from Nykaa again because their delivery service is really bad.,1.0,2026-08-21 20:23:57.000000,4.0.4
play_508c75d2-db65-4745-ad2e-ce2cb8194751,Play Store,best app for skin care and makeup,5.0,2026-08-07 11:07:11.000000,4.0.4
play_c0009809-25d1-4828-84f4-087d9e666017,Play Store,they always send me near expiry products. Never gonna use their app for buying again,1.0,2026-08-02 17:45:16.000000,4.0.3
play_00b06f9f-bcc7-419d-9be9-c156298f8e83,Play Store,"Wide selection of beauty, skincare, haircare, and fashion products. Sells authentic products from many Indian and international brands. � App Store Frequent sales and discounts (such as the Pink Sale). Easy-to-use interface with product descriptions and customer reviews.",5.0,2026-07-04 12:55:41.000000,4.0.1
play_4f25acb4-d9a5-4384-af96-e18c729327ca,Play Store,hope I get my full order delivered on time this time. no cancellation from your end without notification,1.0,2026-08-12 18:29:17.000000,4.0.4
play_5a10d00c-0f1c-40d6-bb5b-7885edd1eb4d,Play Store,"Order delivery time is so long write there in product details 5 to 7 days but it's take 16,17 days to delivery. After this oder I will never oder on Nykaa. Flipkart is far better than Nykaa.",1.0,2026-06-06 14:47:43.000000,3.9.9
play_e70c40ec-882d-409c-a9a4-f70283fdd29b,Play Store,"the best app for cosmetics shopping, very easy to use and also the delivery is very fast",5.0,2026-07-15 21:48:06.000000,4.0.3
play_e73e0646-2686-448a-9e6a-53271cff3869,Play Store,"don't believe and buy the product, Nyka is not responsible for the products incase of late delivery, whatever we are ordering .. Shadowfax courier is fraud office and once we cancel the product either they need to deliver the product to customer or ware house , but they will keep it in their office itself and nyka also not take any action reg this ..Only they will tell - Pls wait for 24 to 48 hrs and apologies for inconvenience.. thatsy it ..",1.0,2026-07-06 15:58:46.000000,4.0.2
play_b9d0a616-3ff8-485a-b5a0-bf1c5401bb8e,Play Store,"good app but my orders got delayed very much , whts the use if I didn't get my orders when I need",2.0,2026-07-26 11:31:45.000000,4.0.3
play_05e64c4b-f317-46df-a137-9cd3b0dfbe17,Play Store,it has good products but the delivery is soo bad. I never got my package and dont think I will,1.0,2026-08-09 10:35:02.000000,4.0.4
play_2f04149c-f8a1-4f4c-a1af-ff4ed1d55803,Play Store,if you place Frist order so they give me discount on every product and also give gift on every order I like the AAP ❣️....!!,4.0,2026-06-14 21:54:27.000000,4.0.0
play_3145f55b-5eb6-463b-a5f4-bea2253cfffa,Play Store,very bad experience with nykaa My product was not returned and it was delayed for so many days.,1.0,2026-07-19 23:28:03.000000,4.0.3
play_95937be6-4c45-4d90-ad54-fc3c3ce3e2b4,Play Store,"The product itself is good, but the delivery was extremely delayed and arrived much later than expected.",3.0,2026-07-01 17:19:39.000000,4.0.1
play_a4063aa9-786c-4e66-be0d-61089c1137bc,Play Store,not at all services able on time with 2nd bad experience...no updates on delivery even it was crossed 6 working days from what promised to deliver. Always bad experience,1.0,2026-06-17 20:10:35.000000,4.0.0
play_62ebb268-8027-4653-aeff-3bcc772f6e13,Play Store,I request Nykaa to change their delivery partner especially shadowfax. It's one of the worst courier service provider. I kindly request you to do so.,1.0,2026-06-12 22:52:50.000000,4.0.0
play_cea68c01-3782-45a8-b297-39dbcd5df938,Play Store,"great quality makeup products, fast delivery and excellent service . highly recommended.",5.0,2026-07-23 00:29:47.000000,4.0.3
play_06ebbc18-8df5-4191-a501-43c34b39050c,Play Store,"worst app ever I have returned my product but they are not initiating my refund saying that I have not returned my product, this is the last warning to you or else I will report you to the consumer care , I want my refund back",1.0,2026-06-18 13:01:22.000000,4.0.0
play_9bf6f148-dc53-407b-acdd-a9db6a8a8b7b,Play Store,this is a fraud app....they will accept your order and forget..u keep banging your head waiting for delivery or trying to contact their customer care...moreover ...they will message you that your order is delivered...and then at the same time u will get message that you were not available for delivery without anybody contacting u for delivery....rhe height of shamelessness is....they will provide you a coupon of rs.30 as an apology for their shamelessness ..... please beware of such fraudulents.,1.0,2026-07-31 19:25:25.000000,4.0.3
play_29f8820d-7593-48a1-b5a1-ba8c2e5d2c60,Play Store,I ordered few products on nykaa hot pink sell on 18 th August but today is 28 th August but till now I don't receive my items . Bad experience on nykaa,1.0,2026-07-28 16:44:06.000000,4.0.3
play_e7955d30-de19-4a19-9087-a82c4638f922,Play Store,nykaa pink sale the 'GET FREE FULL SIZE PRODUCT ' doesn't work at all its just for the show when you add a product no free item is added or even when you choose a free product from the list of available free products it's not for free at all,1.0,2026-07-20 00:20:32.000000,4.0.3
play_33b1d3f5-a9aa-4d86-beca-01533136ed73,Play Store,few items are unavailable..please make all items available like skin care Soaps,4.0,2026-07-07 10:41:02.000000,4.0.2
play_cd1050b9-ae4d-4e84-8e02-77349dfff220,Play Store,delivery not on time. no updates. no customer care number. no assistance.,1.0,2026-07-13 21:15:20.000000,4.0.3
play_ec2a8b86-6aaa-4dfd-862b-b6cf6fec3219,Play Store,no customer support available and its just ai who is answering and the delivery will be delayed and you will have no where to complain about it or nobody will address your problem. Worst app,2.0,2026-07-19 20:47:11.000000,4.0.3
play_5f7bddd9-087e-4c42-8f12-a63786e28c13,Play Store,Not satisfied with the service at all. You are unable to change the mobile number on my account. This is ridiculous.,1.0,2026-06-12 18:10:20.000000,4.0.0
play_cc1ece5c-52da-4df0-9e90-200b658745cf,Play Store,not good app.. first they send wrong product to u then they decline ur return request ... not good app ..,1.0,2026-07-30 22:22:31.000000,4.0.3
play_7b22090e-d8be-4244-bd7c-4d5f5695467b,Play Store,"Amazing app..easy to order,fast delivery and here, you will get whatever you want",5.0,2026-07-24 14:14:49.000000,4.0.3
play_762977b4-4f07-420c-a321-4fd7d967a785,Play Store,i love this app... but prices is so high ... but I can handle it... 💚🥲 but I love this app and my parents hate this app...for High budget 🥲,3.0,2026-07-10 02:42:19.000000,4.0.2
play_36bf30b9-53a1-4466-89d6-3a96b97f7949,Play Store,worst experience from nykaa delivery agent......they didn't try to make their delivery at right time and no more efforts to deliver their parcel.....and then convey us to cancel the order by ourself.... ridiculous nykaa,1.0,2026-07-21 10:17:53.000000,4.0.3
play_5f5162bc-81e3-4bc0-95b4-f00534052230,Play Store,⭐⭐⭐⭐⭐ Amazing shopping experience! Nykaa app is super easy to use. Products hamesha authentic aur original milte hain. Delivery bhi bahut fast hai aur packaging ekdam premium hoti hai. Highly recommended!,5.0,2026-07-17 15:16:21.000000,4.0.3
play_1a8f6ea4-3d93-46c2-a077-7c241c5471d9,Play Store,"Overpriced , you can buy the same product from another platform with half price.",1.0,2026-07-25 08:53:49.000000,4.0.3
play_b0fb497b-7944-41b3-a198-af006d58e46b,Play Store,Not received what ever u buy after payment online and then no response of it. Received old products of 2024 n 2025 very bad 1st experience.,1.0,2026-07-10 06:34:00.000000,4.0.2
play_9bde5bb6-758a-4f73-b454-c73733f2c744,Play Store,It's a good app you can find mostly every skin care here in cheap too,4.0,2026-07-27 15:03:02.000000,4.0.3
play_09c177ca-9340-42dc-b073-63c3a23499c0,Play Store,"worst app no response, no chat with us option working , no call system working, worst ever app 👎🏻👎🏻👎🏻👎🏻",1.0,2026-07-27 16:24:54.000000,4.0.3
play_e0187c50-88e7-4593-977b-27144b8866cb,Play Store,"I am very happy. Thank you so much for delivering my order. I really appreciate it. However, please make sure this doesn't happen again because I had to wait for my order for a very long time.",5.0,2026-07-27 21:07:37.000000,4.0.3
play_1be13528-3e36-45ee-9241-d2b387fb30b7,Play Store,There is a lot of offers and voucher which we loved it!,5.0,2026-07-05 15:31:10.000000,4.0.1
play_76726073-b729-4691-89bc-40b3e0f84c15,Play Store,its a good app they even k beauty products no scam if you have problem then you can just that's it ill say you guys just give it a good ret,5.0,2026-06-24 00:08:20.000000,4.0.1
play_edd6f7e6-ad1a-4ddb-b705-9b550f007974,Play Store,waste no customer support is there in this app tried calling 10+ times but no proper response waste of my money,1.0,2026-07-23 11:28:04.000000,4.0.3
play_38f3f4a5-97fa-433d-b47e-f1206ec675e3,Play Store,"worst app don't buy from here , the order is delayed everytime and gets returned and no refund is given",1.0,2026-07-28 10:38:04.000000,4.0.3
play_af8ef294-29d7-4509-b0e6-777c8da3cfb3,Play Store,"Top notch app! Fast delivery, genuine products, safe packaging & trust worthy app !",4.0,2026-07-02 21:34:40.000000,4.0.1
play_d6ecf93e-6082-4279-a885-e39bfe37c447,Play Store,the delivery experience is so bad ..Becoz they don't deliver the order and keep delaying the order ..,1.0,2026-07-24 19:06:24.000000,4.0.3
play_7ddc4535-6b69-4a3c-b1f8-a43473b336fb,Play Store,"wrost app,,,₹300credited from my account to nykaa,,but I nothing order in nykaa,,I made a complaint in email,there is no response,, don't install this one ever seen this experience in another apps,,",1.0,2026-07-20 08:07:38.000000,4.0.3
play_0bef4e5f-41fc-4998-89c6-7ec14479839b,Play Store,Reasonable prices are available more than the times I'm happy with Nykaa The service is wonderful,5.0,2026-07-16 23:40:39.000000,4.0.3
play_1d01ff00-7278-47b4-9503-47d56485c328,Play Store,"you can get all the things in just low prices, that's so magnificent! ❤️",5.0,2026-07-21 18:51:16.000000,4.0.3
play_d623127c-828f-44fa-aaf5-e30a70a8a99e,Play Store,best shopping app and best all products for makeup and every skin tone.product available in nykaa app.,5.0,2026-07-26 12:57:14.000000,4.0.3
play_ac60e749-c27e-4540-860f-a6e815748681,Play Store,it's so easy to use . easy payment and tension free shopping,4.0,2026-08-01 09:59:36.000000,4.0.3
play_ba1261c5-4419-41ee-9f2e-3bb9acb3ecd8,Play Store,"Best beauty app I have ever used , thanks Nykaa for giving me amazing products with reasonable price 💕",5.0,2026-06-19 22:11:08.000000,4.0.1
play_f816119e-6cc3-4152-806d-2603c394efec,Play Store,verry bad shopping app delivery service is not worth it They delayed all orders and didn't excepted this from a well known shopping app like nykaa,1.0,2026-07-07 16:15:24.000000,4.0.2
play_1e9b799a-d07b-479d-820e-4b8ad1503cef,Play Store,Always keep on delaying order and atlast cancel the order,1.0,2026-07-11 18:26:26.000000,4.0.1
play_43b7a22b-d7ce-43f7-a58c-11681b312f99,Play Store,I am someone who always appreciates Nykaa but Nykaa Now option is making me irritated.I ordered more than 3.5 hours ago and still no response.This is really frustrating.,5.0,2026-07-20 22:26:00.000000,4.0.3
play_2cd9d5ae-06b6-4a34-b382-5dbb8aa38ec9,Play Store,Very bad experience. delivery persons are very very rude. the customer support is bad too.,1.0,2026-07-21 14:52:09.000000,4.0.3
play_e25af3aa-d567-47d8-b3ce-d5925afad710,Play Store,little discount on some daily routine items and more brands to add yet like medicube etc .,3.0,2026-06-20 12:35:24.000000,4.0.1
play_7638c3f4-1eef-4343-9e15-6a2e4538b334,Play Store,"my first Time experience was okay , delivery on time & also problem was solved by the management team.",4.0,2026-07-13 23:30:34.000000,4.0.3
play_857333bf-df38-420f-86d0-eb3e7e5a6716,Play Store,"Best option for hair, beauty and skin care products.",2.0,2026-06-23 07:10:33.000000,4.0.1
play_2091ae55-0bed-4ec9-a16f-016770230d82,Play Store,I am using Nykaa for almost 3 years and I am very happy. Because it gives you genuine products...,5.0,2026-07-17 14:14:10.000000,4.0.3
play_4d170992-7382-4120-98c2-d579f3591032,Play Store,worst site... worst customer service. Expensive product with broken seal product they are providing.,1.0,2026-07-12 22:14:16.000000,4.0.3
play_ae02d3dc-f97d-4298-b68f-90f075704953,Play Store,very worst I say delivery the parcel after 6pm but no response and also you did not give delivery agent number worst app,1.0,2026-07-29 18:16:23.000000,4.0.3
play_2b003e57-e6cb-461f-9c06-abc98aeab7d5,Play Store,fraud app...I ordered shampoo and cream...they sent stone and water bottle...and not rply from customer care service...they ask again and again order details...they knew everything about customer details... really fraud app... don't buy ...,1.0,2026-07-28 00:49:57.000000,4.0.3
play_dd403f05-a04c-437c-bb1a-71c4b0da233a,Play Store,"it's good...but where's the try on feature... without it , it's hard to buy products.",3.0,2026-07-30 18:00:20.000000,4.0.3
play_f1f0bc4e-44ef-4874-b057-5e5440e7b209,Play Store,"very late delivery, still not arrived has been delayed by almost so many days....",1.0,2026-06-15 22:55:53.000000,4.0.0
play_72b5e556-275c-4ca5-bc9e-8aefed3aa4bd,Play Store,a very good platform for skincare and makeup no one can beat this app ilyyyy Nykaaa 💖,5.0,2026-07-19 12:21:39.000000,4.0.3
play_ece062ea-c225-46c8-b649-c04aff1471e4,Play Store,It is a very good app but my app is not showing any product images for few weeks,2.0,2026-07-02 08:56:16.000000,4.0.1
play_f939cd2f-e483-45b9-a9a7-6a827c7ad615,Play Store,not attending the call for queries and return will be canceled 3 times of one item,1.0,2026-06-15 19:03:28.000000,4.0.0
play_b1411f7d-cf25-4994-ac3c-42fd2eadc407,Play Store,"Best app, your one stop for cosmetics to skin care.",5.0,2026-07-06 23:12:44.000000,4.0.2
play_80402b13-e2a5-48a3-ac14-51a1a89e3528,Play Store,try not to make prepaid orders prepaid orders always have issue with delivery..plus the gift are ridiculous for prive bday gift they give you a mini kajal near its expiry ..just avoid giving these measely gifts,1.0,2026-07-22 08:17:45.000000,4.0.3
play_9dfbeb80-3366-4f94-b4f1-367d98ad05a0,Play Store,Very Poor Delivery service (Delhivery). Refused Door step delivery. Delivery 5 days late. Even on delivery day OTP not getting received so they won't give package. Extremely dissatisfied I'm not ordering from Nykaa ever again. NOTE: DELHIVERY is the Delivery Partner,1.0,2026-06-27 22:35:33.000000,4.0.1
play_187252e8-9603-4dbf-9909-4fff9bec7711,Play Store,Love the site and the products coming from original brands instead of intermediate sellers.,5.0,2026-06-12 12:26:43.000000,4.0.0
play_2cfff547-4749-461c-bbbe-f6033d116358,Play Store,third class online shopping application. return policy and customer support policy very bad .amazon Flipkart best application,1.0,2026-07-30 01:35:43.000000,4.0.3
play_6607bada-c9c7-4257-b49c-d304af68457d,Play Store,"original and good quality products ,one of best app for skin care and makeup products ,",5.0,2026-07-23 14:39:27.000000,4.0.3
play_302af3d9-185b-4928-9f8f-0efac2e56ba7,Play Store,a very good app with a lot of offers i compared the prices of same products in different apps but the cheapest was in nykaa and trusted authentic products,5.0,2026-07-23 18:10:05.000000,4.0.3
play_a8a08b7f-1b8a-4b8a-9269-ec8c00f171c4,Play Store,"delivery always late , product packing bad , always delivery partner behaves wrong ...",1.0,2026-07-28 15:54:34.000000,4.0.3
play_4ce64868-5552-437a-83a1-7e7f6c1bdeff,Play Store,Nykaa This is the most reliable app for me; all kinds of brands are available here. I really like this beauty app and find it trustworthy.,5.0,2026-07-03 15:35:15.000000,4.0.1
play_ea6ea34c-a8e9-4494-a218-b78324d51135,Play Store,The product quality is very good. We've been purchasing this product from you for the past 2 to 3 years.,5.0,2026-07-31 14:54:20.000000,4.0.3
play_f5572ab7-defc-4f55-8e04-4c3d37dd677c,Play Store,very poor service the delivery is not calling at all and rejecting the delivery for 2 two days and ther are also not providing the guy's number too,1.0,2026-07-28 12:37:01.000000,4.0.3
play_0412566e-c64b-433a-881a-0a5da5036bf4,Play Store,"I placed an order worth ₹970, but I didn't receive any coupon.",1.0,2026-07-18 23:30:37.000000,4.0.3
play_f2e21ebb-2e65-44f6-b8d3-d351d92d5c1a,Play Store,I initially had an issue related to refund and return by Nykaa and worked aptly and done the work. very happy,5.0,2026-08-01 13:28:09.000000,4.0.3
play_cfecd45e-89db-40b4-8ee8-37fff8ba7690,Play Store,"Nykaa app is good but bad product or any useless product is not returnable or refund is not given, money is wasted.",1.0,2026-07-19 18:19:45.000000,4.0.3
play_8a1086a1-3b1f-49a9-872e-934df3b3687e,Play Store,It's giving insane discounts and best delivery for makeup ... love it,5.0,2026-06-21 07:55:06.000000,4.0.0
play_1dfd5dde-2532-4909-9beb-45d98a5c6ff7,Play Store,professional app easy to collect items.,5.0,2026-07-24 12:43:13.000000,4.0.3
play_21ab0589-704b-469f-8bf4-9a82c0a8787a,Play Store,Easy for searching By the way all products are available on Nykaa for the best prices....,5.0,2026-07-07 23:07:22.000000,4.0.2
play_ae5d542a-3b47-47e9-bff7-48b1ab889e12,Play Store,using it for the first time .. and the app giving a good discount on products,5.0,2026-06-29 19:57:48.000000,4.0.1
play_8bdcfaa2-4df9-42ab-85bd-4c797aecbd0b,Play Store,my parcel delivery experience is very bad delivery getting delayed and delayed and the nayka team isn't helping,1.0,2026-07-24 18:16:58.000000,4.0.3
play_0c426fe2-fab3-4a65-bddc-0a7dfd3ae651,Play Store,"It's a really good app, helps you to purchase great quality beauty products at best prices.",5.0,2026-06-26 14:33:15.000000,4.0.1
play_8141b7f7-e40a-496d-9cf3-8c82f539334e,Play Store,Very good app everything you buy from this app you will get a full good condition product,5.0,2026-07-26 12:24:14.000000,4.0.3
play_c6b89fea-dfb8-45f5-97ba-c62bfe4daf42,Play Store,worst experience ever of my life of purchasing items continuously delay in delivery with no response disgusting app and delivery partner bluecart horrible experience of purchasing with app,1.0,2026-07-31 17:29:37.000000,4.0.3
play_9d4a0bb0-623a-43a4-abd1-a2136ce73efb,Play Store,great and trusted website for skincare and makeup lovely experience ♥️,5.0,2026-07-17 00:23:45.000000,4.0.3
play_902feb49-958f-4553-86b8-0166641d1f10,Play Store,Incorrect product delivered and worst service by the customer support team.,1.0,2026-07-25 11:09:00.000000,4.0.3
play_03ba8c90-74da-4fdc-96b2-a79f14fd0e16,Play Store,"Nykaa is one of the best app i ever usedd i really prefer you to use it at once and i promised you you will love the ""Nykaa"" forever!!🤍🎀",5.0,2026-06-22 20:05:15.000000,4.0.1
play_8c39d76f-06a0-480f-9f68-fc837f5b8c77,Play Store,"This app perform is too bad , delivery too much delay . Don't download this app .",1.0,2026-07-09 12:23:05.000000,4.0.2
play_dd6b85d5-c48b-4f0b-8c8a-2834e3a7422f,Play Store,Product on time delivery is very worst and no response,1.0,2026-07-29 12:04:47.000000,4.0.3
play_a846be9c-c21b-4994-a105-2bd47d952894,Play Store,Excellent quality and great service. Highly recommended!!,5.0,2026-07-05 15:06:40.000000,4.0.1
play_8e062203-d130-461c-b07c-a7298e1ad512,Play Store,overall service is good but whenever I order something always the delivery is delayed,1.0,2026-07-15 12:38:58.000000,4.0.3
play_dc83566d-1dce-48ab-98ec-4df5d2c2730d,Play Store,support team is not helping at all its been over1 month not able to place order deleting it for now,1.0,2026-07-24 23:13:55.000000,4.0.3
play_81c03d3b-ae94-4794-a2ce-0de5c6d4b96b,Play Store,one of the worst website because their deliver partner is blue dart if user gave their address they will not come to the respective address and they just said order is unsuccessful we as a user can't able to connect delivery man or their partner if we call to customer care they will say yes we are in your process to deliver your products but they will not give the proper message or instructions to us a user's so guys don't install it if your are from village or unpopular state or place,1.0,2026-07-23 19:30:28.000000,4.0.3
play_ba72b4d6-a23b-407c-b1cc-2a2ee3590002,Play Store,worst replacement and return policy it take to much time to return any product after that reject return request with any reason,1.0,2026-07-16 18:36:59.000000,4.0.3
play_d1312f76-ad33-4355-8588-35dff9f8b928,Play Store,it claims delivery fast but in city I received my product after 6 days of order so much worst experience,1.0,2026-07-26 09:42:06.000000,4.0.3
play_d1933619-2392-4252-8c30-84a776048d00,Play Store,its really a excellent aap but the orders will be deliver late thats the reason i gave only 4stars,4.0,2026-06-17 08:58:45.000000,4.0.0
play_c36647a5-2cad-4462-8c5a-8a4d13e44215,Play Store,"Earlier we got offer of free gift of suger tink, this time not appear...",1.0,2026-07-12 23:01:24.000000,4.0.2
play_74d77294-4b4f-4def-99c9-7c0ece94143e,Play Store,fast deverly and very very good products not copy paste I love it ❤nykaa....,5.0,2026-07-20 10:01:46.000000,4.0.3
play_9a205961-bde5-4f42-ab1e-b86c1a85537e,Play Store,I will never order from nyka again. I'm giving 1 star for the poor delivery experience and false delivery updates.,1.0,2026-07-04 13:45:13.000000,4.0.1
play_8836030b-fb45-44cf-9651-57973058d519,Play Store,very bad experience from my first time not only did my first order get cancelled after a delay of the prescribed date now my second order is also delayed for 3 days,1.0,2026-06-15 21:19:17.000000,4.0.0
play_6bd74323-78f5-4162-b2cd-425cc507033f,Play Store,"⭐⭐⭐⭐⭐ Excellent app! The interface is user-friendly, the features work smoothly, and the overall experience is amazing. Highly recommended to everyone!",5.0,2026-07-17 21:18:04.000000,4.0.3
play_d038f7a7-631a-438a-a830-f74a056b8f47,Play Store,best app for order Beauty products and its give extra discount compare to other app,5.0,2026-07-29 10:21:01.000000,4.0.3
play_09d91653-31e5-464d-8ed5-aa78acb2a811,Play Store,very nice look app and excellent service and very easy app in beauty shoping app,5.0,2026-07-18 12:11:09.000000,4.0.3
play_28ad0c21-fcea-4106-94c6-babacde6f7ad,Play Store,it's a really good app and we get lots of discounts and free gift too inlove with this app,5.0,2026-07-04 22:28:04.000000,4.0.2
play_97525384-968d-4132-9f97-312cc8ec9bb2,Play Store,"good service, fast delivery, best product, everything is good",5.0,2026-06-22 22:00:04.000000,4.0.0
play_d7ee8617-12d9-45e0-9e00-0bb0ae65a306,Play Store,I get my all needful cosmetics and skin care products easily.,4.0,2026-07-02 20:30:08.000000,4.0.1
play_0f0a0369-32ca-4860-8546-492fd10a98d3,Play Store,always the best but the prices of products are high😔,5.0,2026-07-24 17:36:39.000000,4.0.3
play_c150a423-b42a-4b4d-8597-e98d3bd07a1f,Play Store,amazing app for makeup and skincare quality is good,5.0,2026-07-24 19:42:38.000000,4.0.3
play_ca808d9e-1c33-46d9-b4cb-e244547d89fa,Play Store,"Last time, I ordered a hair dryer from Nykaa, but it wasn't that good and didn't work well. That's why I'm upset. I feel like I wasted my money.",2.0,2026-07-08 16:19:46.000000,4.0.2
play_5d14e1ef-2b35-4412-bef5-5ad892b974f6,Play Store,everything is good but delivery time was too late in every order 😕,3.0,2026-06-14 07:24:13.000000,4.0.0
play_6a93c808-41b7-4839-aa0a-7283ac184472,Play Store,my Favorite app for skincare and makeup 🙌🏻💗love itttt..!!✨💌,5.0,2026-06-26 11:45:51.000000,4.0.0
play_db4e784c-2b9b-4061-9ca8-733d7ab8c8f0,Play Store,very poor aap .not delivered product on time.and delivery service very very poor.,1.0,2026-06-23 17:11:48.000000,4.0.1
play_8fc6ce21-5dbe-4328-b282-d36d0146377b,Play Store,it is very bad app ...the order agent is taking long time to deliver the product😡😡,1.0,2026-07-07 17:53:56.000000,4.0.2
play_658c1c55-7c24-4bdc-8f8b-cf8614432627,Play Store,For gift voucher refunds nykaa support has not given me any support n harassed so much. My 5000 rs gift vouchers is just stuck.,5.0,2026-07-19 21:48:21.000000,4.0.3
play_ae0897c8-6eab-43ae-833c-d2a55c5c0339,Play Store,Best app for skincare and makeup products,5.0,2026-07-20 05:41:02.000000,4.0.3
play_a295528e-4eb2-4eea-b01e-51e64834d5e1,Play Store,The app keeps glitching and I'm unable to view the products.,1.0,2026-07-09 11:22:26.000000,4.0.2
play_d827861d-1273-419e-9046-8cd6830da606,Play Store,Scamming people..... received a broken bar of soap instead of my product and have requested for a return for 5 days now yet no response,1.0,2026-07-09 08:56:42.000000,4.0.2
play_556da326-f4cf-438a-8ac0-5136e2b72d1c,Play Store,Nice aap to order your product with faster delivery and value for money products,3.0,2026-06-27 15:36:11.000000,4.0.1
play_0a7f1b2e-24b4-4d3a-9890-02ec0049c7bf,Play Store,items were missing in my order and nothing was done by customer care very pathetic service,1.0,2026-07-22 21:24:19.000000,4.0.3
play_59a2dd8b-45bd-410b-86b7-39f6a47eff42,Play Store,Very Nice Product Are Available On Nyka And We Can Apply Coupon in This App Veryy Gorgeous 😻,5.0,2026-07-17 11:41:22.000000,4.0.3
play_e847e72c-10df-4a3c-817a-d9df077f59eb,Play Store,nyka is a gud platform for any kind of beauty products even with dermat recommend products 👍,3.0,2026-06-18 23:05:34.000000,4.0.1
play_fb150775-1e86-4437-8336-8a22e06f1126,Play Store,we can shop very good quality cosmetic products and I loved it,5.0,2026-06-17 20:01:59.000000,4.0.0
play_22984c7d-46aa-4c3d-b662-4a4b6db6427a,Play Store,very bad experience .... without any reason they told delivery failed and till now I don't get my money back .. what is this .... veryvery bad experience,1.0,2026-06-20 18:25:17.000000,4.0.1
play_38fcd4ee-0b47-4cd3-a672-8aae57e41206,Play Store,"best app for cosmetic , I'm ordering for first time and got impressed totally",5.0,2026-07-30 15:43:10.000000,4.0.3
play_c10a2a9d-4cee-4767-9a98-b547a2839dc0,Play Store,"Warning to everyone shopping on @Nykaa: Be aware that they might assign your order to 'Blitz' delivery, who are absolutely unprofessional. My parcel is missing after several false delivery promises from their agents. Nykaa needs to stop working with such incompetent partners.",1.0,2026-07-02 00:26:28.000000,4.0.1
play_76b92dd5-1d57-42fa-a6ca-6680daa4392a,Play Store,I love the app and all the products are at the best price and worthy,4.0,2026-07-25 19:09:03.000000,4.0.3
play_bbf5fd96-b68b-4f0c-a0d2-976c5002301a,Play Store,best for shopping with amazing offers ..!!,5.0,2026-07-19 12:32:36.000000,4.0.3
play_da97c731-0650-4f7f-abec-013ed287c748,Play Store,remove all pimple &get shine clear soft glowing skin it very nice product must buy this i recommend go for it🙂,5.0,2026-07-30 19:52:14.000000,4.0.3
play_5921121d-02c8-41f4-a635-8f3f1fddbad1,Play Store,Worst customer service. Nykaa claims that they have the authentication of selling original products but this is not true. they sell fake products in the name of original ones. They sent me fake Simple Facewash which smells like detergent. I have raised complaint so many times still their team is not responding. I am never going to purchase anything from Nykaa. stay alert people. Save your money ..this brand doesn't care about our hard earned money .,1.0,2026-07-10 18:39:13.000000,4.0.2
play_8ce7ddf5-cfaf-45fb-a915-f0c3a2521754,Play Store,"worst experience with nykaa, did not receive my order and did not get a refund too, dissatisfied by the services.",1.0,2026-07-27 22:36:18.000000,4.0.3
play_49cbf679-3589-4801-8ca7-2573ea44b524,Play Store,yesterday I placed an order and my money has deducted but they are not showing it in the order section.. I tried to contact them but not satisfied with their response 😡,1.0,2026-07-19 08:28:48.000000,4.0.3
play_b72a6637-4a91-4036-a5a5-2e73a4796d6c,Play Store,Best app for shopping & every top listed product's are available on it ! Thank you Nykaa love you 🫶🏻🎀,5.0,2026-07-17 12:19:29.000000,4.0.1
play_ed039d24-4f10-4843-9dbc-f2d48a91a83e,Play Store,It was the worst experience ever. I have ordered but I did not receive the product,1.0,2026-07-30 12:04:27.000000,4.0.3
play_9df798f3-2137-412b-9d5d-873b138adef3,Play Store,"though mentioned easy return policy, even after receiving wrong/ defect item, the return is rejected...",1.0,2026-07-04 13:48:13.000000,4.0.1
play_8da8ce87-9a50-4a8c-8967-4590ac0e55c9,Play Store,Poor delivery service; you guys always delay orders.,1.0,2026-07-27 15:06:54.000000,4.0.3
play_0480936d-232c-4b4f-96ce-aeba07a66c3b,Play Store,excellent outlet for beauty and skin care products at minimal prices,5.0,2026-06-14 23:44:00.000000,4.0.0
play_46d116bd-d01e-4634-81c9-1d762ebe3327,Play Store,it's real good product and soo much of discounts,5.0,2026-07-19 22:33:12.000000,4.0.3
play_9a1dc20d-8131-4e03-a05a-a21da6e3c547,Play Store,aucha good app for cashback and coupons and easy user interface,5.0,2026-06-28 00:03:50.000000,4.0.1
play_ad14e09a-dcd1-48d4-83f4-ecf953bc84b4,Play Store,it doesn't include extra fees for COD so it's a plus point i feel,5.0,2026-07-16 22:05:41.000000,4.0.3
play_fddf787f-012e-4a10-b85d-11a3d330e223,Play Store,App Is good but Worst delivery ever......do not buy from nykaa buy from tira instead.......worst ever delivery experience of my life😡,2.0,2026-07-28 15:45:34.000000,4.0.3
play_6663ae2f-27a1-4d3e-a214-db1bc378c0d4,Play Store,nykaa always delays orders they change delivery dates and their customer service is not so good 😒,2.0,2026-08-01 11:45:48.000000,4.0.3
play_6c603b2f-4aac-4373-8903-51b5dbb51e88,Play Store,very good I get discount and we can order all our products even kids,5.0,2026-06-17 00:27:02.000000,4.0.1
play_bfc28271-56b1-4089-86d0-b77e768cff53,Play Store,"Professional approach regarding delivery, returns n refunds...hassle-free",5.0,2026-07-19 08:50:02.000000,4.0.3
play_21dfde0c-cc36-4e14-b4a1-7c20f61794b0,Play Store,good app but price is too much High 😕 and system is very bad,1.0,2026-07-29 00:09:21.000000,4.0.3
play_11bb3b25-3eaf-40a4-b2ea-412e2c0c3107,Play Store,worst experience ever the order id getting very delay to get placed they are very careless about their customer and veri careless service about customer,1.0,2026-07-30 18:04:46.000000,4.0.3
play_7d2da664-5b0e-4522-a742-b9ad11fd32b5,Play Store,most useless app.delivery delay. no customer care response.,1.0,2026-06-16 08:30:34.000000,4.0.0
play_ec6ce714-04d3-4807-9200-ee053dc5d5fa,Play Store,amazing delivery service and great range of products choice,5.0,2026-06-14 14:05:46.000000,4.0.0
play_3cca4f2e-e066-443f-9b74-9545c1bacce4,Play Store,products are good up till now . let's see how they give result but price wise and quality wise somewhat satisfied.,5.0,2026-06-12 14:48:21.000000,4.0.0
play_0d3e877b-7fdd-47ff-a1da-070390f5e9dd,Play Store,good price product and super fast delivery to other apps,5.0,2026-07-12 12:12:04.000000,4.0.2
play_2d09f94a-d2a4-4e91-864b-11c738a95cfb,Play Store,most trusted and favorite makeup and skin care app of mine 😍,5.0,2026-06-15 13:26:23.000000,4.0.0
play_3850658c-3c58-43c9-a663-c374a09fa63d,Play Store,IT'S A GREAT APP BUT IT WOULD BE EVEN MORE BETTER IF THEY HAVE WIDE RANGE OF EYE LENS FROM MOODY LENS AND EYEMUA AND GLOWY OLENS IT WOULD BE GREAT I HOPE NYKAA TAKE THIS SERIOUSLY AND I LOVE NYKAA IT'S A GREAT APP,5.0,2026-06-10 13:09:44.000000,4.0.0
play_219bfec5-0eaf-4768-9243-c28218f80c35,Play Store,Addictive!! literally I've always thought why people r so obsessed with nykaa but little did I know I would also be one of them lmao. the sale period is cherry on the cake 🤏🏻 🧡,4.0,2026-07-25 02:26:34.000000,4.0.3
play_0cf1abc0-b076-4615-9556-71840daff3da,Play Store,good app very nice app vast delivery and high recommend best product safe delivery and fast delivery,5.0,2026-07-30 19:47:53.000000,4.0.3
play_8abcfd1c-394a-406d-8c7f-5a9ec329a4cd,Play Store,very bed experience. called many times for refund but dey didn't do.,4.0,2026-07-14 07:16:09.000000,4.0.2
play_b62ef2b2-7160-4861-8446-01b7a80161ea,Play Store,I have ordered Cosrx PH cleanser. Got message saying the order failed still now didn't get any refund nor the product.,1.0,2026-08-24 19:30:30.000000,4.0.4
play_8e60c84e-fab6-444d-90c2-661664f531f6,Play Store,"Extremely disappointing delivery service. My order was due on 17 August, and after multiple complaints, I was assured it would arrive by 18 August. It still hasn’t. The delivery was marked unsuccessful claiming the agent couldn’t reach me, despite no call or communication. The same address has worked for my previous Nykaa orders and other deliveries. I needed these products for a function on 20 August, so these repeated delays and false assurances have made the order useless.",1.0,2026-08-19 01:44:44.000000,
play_5ea9e39c-bfcf-4e31-a447-7963e7b72fcd,Play Store,best shopping app .and Good prize for product worth... if u gift perfume something for me,5.0,2026-08-11 14:41:45.000000,4.0.4
play_e8a547f6-89ab-4339-a6fe-ee7f20a3b432,Play Store,"Very poor customer experience. Zero accountability. Received only 1 product instead of 6, & despite sharing all the requested pictures and details, there has been zero accountability and no proper response. My issue is being unnecessarily delayed with no clear reason or confirmed timeline for the remaining products. I have already followed up multiple times, yet Nykaa continues to keep me waiting for products I have already paid for. No urgency, no assistance, and no explanation for the delay.",1.0,2026-08-08 20:08:10.000000,
play_cd2275e8-0cff-4cd0-a406-b3a4f8dbce3c,Play Store,"worst delivery service, the bluedart courier which is their delivery partner doesn't attempt to deliver the product. customer service is also not helpful.",1.0,2026-07-24 02:56:09.000000,4.0.3
play_507417d9-9b0a-48d8-a409-997779d4bb35,Play Store,"ABSOLUTELY PATHETIC Customer service! They don't give the delivery person's number, nor do they call them & even their delivery boy doesn't come! Ordered a gift set well in advance, it kept getting delayed with a FALSE tracking status - & all I got from Jyoti at customer service is that pls wait for 24-48hrs - for the 3rd consecutive day!! THE SAME PRODUCT IS AVAILABLE AT NYKAA NOW that can be delivered to me in under 30 mins, but they refused to do that too! DON'T INSTALL THE APP.",1.0,2026-08-30 10:32:59.000000,
play_cdafd17c-165e-4860-8d04-a452a1bf5639,Play Store,usually they are pretty fast with their services but this time ... a product that I have put on return for nearly a month hasn't been picked up and despite even emailing them there is no action . another product was ordered it it just shows that the driver tried to contact me but I didn't pick up.. Lies.. I don't know why they are doing this .. it is not upto nykaas standard,1.0,2026-08-19 12:26:08.000000,
play_f1ce2e58-f0a1-483b-8069-39cc20886f23,Play Store,i ordered 4 products and it was supposed to arrive within 4-5 days but the delivery date keeps on getting pushed. Delivery date has been postponed twice already and also there is no option of cancelling products if shipped. If you cannot deliver the products on said time please do not accept the orders at all because it gets frustrating with every postponement.,1.0,2026-08-20 18:16:52.000000,
play_5cead9fc-b857-4c2f-8549-27e5489e2d4d,Play Store,if I'll purchasing some discount product they should not deliver my product as well nd worst delivery coz..the (shadow fax) is also worst 😤 they did not delivered my product .ND nyka also don't response it's worst 😑mere product bhijwa do yr 3-4 product hai Acha khasa discount p tha .bhaii krdo yr m waiting shipping hoti hai bs understand my situation 😑abhi bhi tym hai improve krlo yr mere product bhijwa do nykaa team plss yr ...,1.0,2026-08-21 18:14:41.000000,4.0.4
play_c27a8902-a835-4964-8912-9978cce2d52f,Play Store,it's really disappointing to be writing this review as I've placed my order during the month of July 24 yet the items haven't been delivered which have been already paid.its showing that the item has been in the gauhati warehouse therefore i kindly request to get the item at the earliest or to get refund for the items I have already paid as it's not a small amount of it.Please stop all these nonsense and please do make ur help line valuable for the users,1.0,2026-08-18 12:30:09.000000,
play_a6c4367b-b5fa-4ed0-9e37-067717379366,Play Store,"Nykaa has one of the worst customer service.I have seen so far.... They don't deliver the product when ordered multiple products after sending photos and video of the opening package on email still they don't even give replace the product,your request is never approved..... you need to look into this .... Returing and Replacing product is absolutely a big task .......",1.0,2026-08-14 11:50:03.000000,
play_93f03a52-b86e-4961-b156-d85cfe8fd4f0,Play Store,"Extremely disappointing experience with Nykaa! Ordered 6 products but received only 1, even though the box was marked as containing 6 items. I shared all the requested pictures by email, yet Nykaa has put the case under approval with no confirmation of when the remaining products will be delivered. I paid for 6 products and simply expect all 6 to be delivered at the earliest and in good condition. Very frustrating and completely unacceptable. Nykaa needs to take responsibility & resolve this.",1.0,2026-08-05 15:48:44.000000,
play_b6f09e1e-6e68-47ab-9296-118de5c0335f,Play Store,"very harrsing delivery person, when they picked up they won't pay the return request money..they steal the product from the people ..very expensive and fraud...",1.0,2026-06-07 12:55:58.000000,3.9.9
play_e29fd0de-7229-4f7b-9e26-b363606a8fa5,Play Store,"I would give this app a 0 star rating because of their service. I have ordered 2 items from this app on 6th August and the delivery was expected by 11 August and then there was delay of 2 -3 days and I was okay even then, and product was still not delivered so I contacted their support team on 16th August and their ensured a delivery and when I was checking on 20 th august the product delivery was failed and then didn't even inform us beforehand",1.0,2026-08-23 18:53:22.000000,
play_5c2e75cc-b3e8-4321-8d45-78bc88b1f766,Play Store,"Very bad app , I don't wanna give even 1 star. I placed my order and I waited for the product. The delivery date was August 9th and today is August 12th.Now they are showing August 13th is the date of delivery. Tomorrow they ll show August 14th. My item is stuck in one place for long days.Why are doing like this to the customers who trusted on you. I never gonna purchase from Nykaa anymore. The worst part is we can't cancel. Toomuch disappointed with Nykaa",1.0,2026-08-12 19:49:49.000000,3.8.9
play_6491db3c-cf55-49a1-8de5-f3733a7b3eba,Play Store,"My experience with my last order was extremely disappointing. they kept pushing the delivery date again and again and eventually it got cancelled after almost 10-15 and now it's been almost a month and, I still haven't received my refund or my products.",1.0,2026-08-14 22:37:57.000000,
play_4275e056-9e9e-47ff-ad66-d6710ceb9f3a,Play Store,"I am extremely disappointed with my first order. It has been 12 days since I placed my order, and I still haven't received it. The delivery date has been changed multiple times, but there has been no proper update or support. This is a very frustrating experience. I expected better service. Please improve your delivery system and customer support so other customers don't face the same problem.",2.0,2026-08-02 11:41:55.000000,
play_e0158a6d-c35a-4603-97d2-363b54908783,Play Store,on time and good package or original product all the time. I love nykaa,5.0,2026-07-24 17:03:42.000000,4.0.2
play_fa36428d-54d9-4932-98af-d3443cd83930,Play Store,"worst delivery service plz do not install this app or order any product in Nykaa, I had ordered a product which is prepaid and it is not delivered yet",1.0,2026-07-22 15:23:10.000000,4.0.3
play_33cde7b3-b4ba-46d3-946a-0c0cc2df98fc,Play Store,this app is helpful and I can buy makeup accessories fast and easily,5.0,2026-07-18 09:53:37.000000,4.0.3
play_60531822-6d64-462b-b959-19ff5c9c0400,Play Store,I can able to find the product with ease where as in other site I couldn't able to get the shade or the product.,5.0,2026-07-27 10:52:19.000000,4.0.3
play_c41edfc6-d772-481c-88de-f940e2adb1fa,Play Store,i recieved a broken product and after a lot of try they refused to replace or return it 😞 all my money was wasted,2.0,2026-07-30 23:03:56.000000,4.0.3
play_89c6209d-3635-48f6-9479-ac355771e34a,Play Store,nykaa is best online aap for skin care product there is really and genuine product ❤️ i love it !!,5.0,2026-07-19 23:47:49.000000,4.0.3
play_bc77ba2d-4613-435d-8691-31649b86d70c,Play Store,The worst sales in the history of sales for prive members. Honest reviews that might not be all 5 stars are not approved and regularly removed sadly. One can just hope that genuine products are shipped at this point,1.0,2026-07-29 12:13:54.000000,4.0.3
play_5fd1ee27-b616-4b9b-bd84-4512d66331fc,Play Store,"delivery delay, I was very disappointed by this because my first order is being delayed. I haven't received it yet",1.0,2026-06-18 18:45:31.000000,4.0.1
play_53f31759-eac8-43a7-815e-1eb072e269cc,Play Store,very bad support or options. I ordered something and selected wrong address as it was selected by default due to last order. I tried to change address or atleast cancel the very next minute. the app didn't have those options at all and chat support is a waste thing which doesn't understand or provide any support. even the call support people have no option to change address or cancel the order. few products selected as nykaa now even though I didn't particularly intend to get it soon.,1.0,2026-07-29 19:14:57.000000,
play_61b3c7cf-5fed-4ada-a045-dd9d818568d0,Play Store,"Very satisfied , get products for my skincare , many more 💓💓💓💓",5.0,2026-06-20 18:51:35.000000,4.0.1
play_055a1192-a678-4279-aa44-2736f233dde7,Play Store,"This app so helpful and fast delivery,😊 product also good quality",5.0,2026-08-27 22:58:26.000000,4.0.4
play_4bb5b9e6-5e38-42ed-9d51-2562ea65008c,Play Store,My favourite product app and also fast delivery available in this app thank you nykaa,5.0,2026-08-12 21:32:58.000000,4.0.4
play_c0d60a34-557f-4194-984e-da7b2947f7c0,Play Store,"worst app ever I ordered on 17 th July but not recieved even in 15 days , delivery service is very poor",1.0,2026-07-30 22:10:17.000000,4.0.3
play_1fe5b1e0-a943-4640-bd60-351b0fb7c365,Play Store,Nykaa does not provide timely delivery of the order and does not generate a refund,1.0,2026-07-12 06:46:29.000000,4.0.3
play_1b9ded1f-1aec-404b-9f9e-145bc32ce352,Play Store,worst experience ever they didn't deliver order till 1 month and if we tell to cancel and refund they also don't do that worst online shopping app,1.0,2026-06-08 19:24:20.000000,3.9.9
play_5ce48d42-7103-4abb-9463-bd4a38b50b6f,Play Store,"Obsessed with Nykaa! ✅ Authentic products every single time 🎁 Love the free gifts that come with some orders 🚚 Quick delivery If you haven't tried Nykaa yet, you're missing out! Please send more free gifts😂🎀",5.0,2026-07-24 11:23:09.000000,4.0.3
play_ba0be503-1353-4db7-85d5-90802fe24a70,Play Store,I have bad experience .. I ordered some products .. and delivery experience is very bad ... it's again and again giving another date ... till now I could not recieve my product ...,1.0,2026-06-08 10:43:55.000000,3.9.9
play_8d3a9b99-99d5-413f-991b-dfe9443a6a13,Play Store,the delivery agents will mark no one available and never call to deliver. pathetic app,1.0,2026-07-26 15:34:36.000000,4.0.3
play_bf0099ca-8654-44d9-9429-a541ee0ba4cd,Play Store,I got cheated of my money on Nykaa fashion app..I had purchased a H&m had fit issues so placed return & refund request on first day itself..they have 7day return policy..but no one came to pick it up..I kept on requesting.. writing personally on their chat to process my return & refund but got delayed & my money nonrefunded..got cheated on Nykaa fashion app.,1.0,2026-07-22 11:00:24.000000,4.0.3
play_25a9f09a-6e5b-4e15-80e4-0bbe02b861fb,Play Store,worst app ever they doesn't accept change order and say this product not returnable worst company,2.0,2026-07-26 19:35:53.000000,4.0.3
play_e9b8eefc-e1e7-4a6c-9585-2b25b5c82ad2,Play Store,Help me to get good quality products in less span of time,5.0,2026-07-13 12:18:45.000000,4.0.3
play_6e2f29c3-d4d7-490d-b4d6-51963ecfca9f,Play Store,best app for makeup and skin care,5.0,2026-06-20 07:35:52.000000,4.0.1
play_74853cb8-968e-454b-8699-8dae24638b60,Play Store,till now..i want to give 5 stars.. bcz it has great service to be honest... from my last purchase delivery agent call me around 7.30 pm on evening... he told me not to come out until he would come to my doorsteps.. bcz I m a girl... during receiving the order he told me to close the door properly... he was so respectful... very good behavior... also very fast delivery... within 1 day... good experience till now... hope nykaa will never break my trust🥰😇,5.0,2026-07-22 03:01:21.000000,4.0.3
play_9ce72fb8-e140-48a6-8a34-dfd36b0c0530,Play Store,"I've been using nykka for a very long time. I never had any issues with the order or delivery before but now I'm very disappointed many of my orders are not delivered yet it's already been 2 weeks apart from the delivery date and also it shows fake delivery attempts. unfortunately, I prepaid for my orders even if I want to cancel it shows the order can't be cancelled after shipment when I tracked the order it stays in the same place till now. and I'm stuck I neither get my orders nor my refund.",1.0,2026-07-21 23:40:25.000000,
play_c5fbb049-51b1-44a0-9475-2aabab9de402,Play Store,Very disappointed with the repeated delivery delays and changing delivery dates. Please deliver orders on time.,1.0,2026-06-07 18:31:08.000000,3.9.9
play_8350ac06-4b7f-4131-8679-451ac975e6c4,Play Store,their delivery partner return pickup orders and they say no we didn't pickup worst aap ever,1.0,2026-08-12 12:20:01.000000,4.0.3
play_35bf3fd7-a33d-499b-8565-ce10ba009b6d,Play Store,"Very poor customer service. I requested a return, but my request was cancelled without a proper explanation. If the seller has no intention of accepting returns, they should not advertise a return policy in the product description. This is misleading and creates false expectations for customers. I am very disappointed with the overall experience.",1.0,2026-07-14 10:06:26.000000,
play_57a3d8ba-a018-4ddc-a3af-33c4227a7082,Play Store,The nykaa app has several brands and the offers are insane to be said . I like it personally 😁.,5.0,2026-07-10 14:46:10.000000,4.0.2
play_22bc1c3a-0fd9-49b7-9417-101937911844,Play Store,Best app for beauty products. 100% trustable ❤️,4.0,2026-08-17 18:59:29.000000,4.0.4
yt_UgwbLi1PblAxOYKcLwh4AaABAg,YouTube,"Please check the dress link below 👇 
https://www.nykaafashion.com/trend-arrest-square-neck-wrap-around-dress/p/18776836?utm_source=PDPShareAndroid&utm_medium=PDPAndroid&utm_campaign=PDPreferralAndroid&utm_id=PDPShareBtnAndroid&fbclid=PAb21jcAOffddleHRuA2FlbQIxMQBzcnRjBmFwcF9pZA81NjcwNjczNDMzNTI0MjcAAact7pl6kjtlQRUAH8Eavd5YxLJQm_59GJ6DupBl1HJcWanlUR95_sSlQi4Qvw_aem_53IS0K8CdbsEyANzK8VkFg",,2026-07-02 00:13:28.455178,Unknown
yt_UgwsoiO0EdAMoSYR1G54AaABAg,YouTube,Link,,2026-08-22 00:13:28.457191,Unknown
yt_UgxOddIlJX6o-aXb9EN4AaABAg,YouTube,Link😊,,2026-08-20 00:13:28.458203,Unknown
yt_UgxpGINZHJO_BELSclx4AaABAg,YouTube,Link,,2026-08-02 00:13:28.462263,Unknown
yt_UgzSb4wAxVeo_GhwEeh4AaABAg,YouTube,Link,,2026-07-02 00:13:28.464273,Unknown
yt_Ugw4IcS1SNZzqfZHdV54AaABAg,YouTube,Link,,2026-07-02 00:13:28.468296,Unknown
